pos	rRNA	position	silnas_psi	silnas_psi_pct
NR_003285.3_RNA5_8SN5_100	5.8S	100	0	NA
NR_003285.3_RNA5_8SN5_110	5.8S	110	0	NA
NR_003285.3_RNA5_8SN5_111	5.8S	111	0	NA
NR_003285.3_RNA5_8SN5_123	5.8S	123	0	NA
NR_003285.3_RNA5_8SN5_124	5.8S	124	0	NA
NR_003285.3_RNA5_8SN5_127	5.8S	127	0	NA
NR_003285.3_RNA5_8SN5_136	5.8S	136	0	NA
NR_003285.3_RNA5_8SN5_14	5.8S	14	0	NA
NR_003285.3_RNA5_8SN5_142	5.8S	142	0	NA
NR_003285.3_RNA5_8SN5_144	5.8S	144	0	NA
NR_003285.3_RNA5_8SN5_146	5.8S	146	0	NA
NR_003285.3_RNA5_8SN5_152	5.8S	152	0	NA
NR_003285.3_RNA5_8SN5_156	5.8S	156	0	NA
NR_003285.3_RNA5_8SN5_157	5.8S	157	0	NA
NR_003285.3_RNA5_8SN5_18	5.8S	18	0	NA
NR_003285.3_RNA5_8SN5_22	5.8S	22	0	NA
NR_003285.3_RNA5_8SN5_27	5.8S	27	0	NA
NR_003285.3_RNA5_8SN5_30	5.8S	30	0	NA
NR_003285.3_RNA5_8SN5_34	5.8S	34	0	NA
NR_003285.3_RNA5_8SN5_38	5.8S	38	0	NA
NR_003285.3_RNA5_8SN5_5	5.8S	5	0	NA
NR_003285.3_RNA5_8SN5_51	5.8S	51	0	NA
NR_003285.3_RNA5_8SN5_55	5.8S	55	1	60.3947336999987
NR_003285.3_RNA5_8SN5_63	5.8S	63	0	NA
NR_003285.3_RNA5_8SN5_64	5.8S	64	0	NA
NR_003285.3_RNA5_8SN5_67	5.8S	67	0	NA
NR_003285.3_RNA5_8SN5_69	5.8S	69	1	61.470767921028
NR_003285.3_RNA5_8SN5_7	5.8S	7	0	NA
NR_003285.3_RNA5_8SN5_73	5.8S	73	0	NA
NR_003285.3_RNA5_8SN5_74	5.8S	74	0	NA
NR_003285.3_RNA5_8SN5_8	5.8S	8	0	NA
NR_003285.3_RNA5_8SN5_85	5.8S	85	0	NA
NR_003285.3_RNA5_8SN5_86	5.8S	86	0	NA
NR_003285.3_RNA5_8SN5_89	5.8S	89	0	NA
NR_003285.3_RNA5_8SN5_92	5.8S	92	0	NA
NR_003285.3_RNA5_8SN5_99	5.8S	99	0	NA
NR_003286.4_RNA18SN5_1	18S	1	0	NA
NR_003286.4_RNA18SN5_100	18S	100	0	NA
NR_003286.4_RNA18SN5_1002	18S	1002	0	NA
NR_003286.4_RNA18SN5_1003	18S	1003	0	NA
NR_003286.4_RNA18SN5_1004	18S	1004	1	97.0801717095816
NR_003286.4_RNA18SN5_101	18S	101	0	NA
NR_003286.4_RNA18SN5_1013	18S	1013	0	NA
NR_003286.4_RNA18SN5_1015	18S	1015	0	NA
NR_003286.4_RNA18SN5_1016	18S	1016	0	NA
NR_003286.4_RNA18SN5_1017	18S	1017	0	NA
NR_003286.4_RNA18SN5_1018	18S	1018	0	NA
NR_003286.4_RNA18SN5_1021	18S	1021	0	NA
NR_003286.4_RNA18SN5_1022	18S	1022	0	NA
NR_003286.4_RNA18SN5_1025	18S	1025	0	NA
NR_003286.4_RNA18SN5_1038	18S	1038	0	NA
NR_003286.4_RNA18SN5_1045	18S	1045	1	91.6476225550754
NR_003286.4_RNA18SN5_1046	18S	1046	1	100
NR_003286.4_RNA18SN5_105	18S	105	1	99.2122858764839
NR_003286.4_RNA18SN5_1056	18S	1056	1	93.1697755491088
NR_003286.4_RNA18SN5_1061	18S	1061	0	NA
NR_003286.4_RNA18SN5_1066	18S	1066	0	NA
NR_003286.4_RNA18SN5_1069	18S	1069	0	NA
NR_003286.4_RNA18SN5_1072	18S	1072	0	NA
NR_003286.4_RNA18SN5_1073	18S	1073	0	NA
NR_003286.4_RNA18SN5_1081	18S	1081	1	93.515398128369
NR_003286.4_RNA18SN5_1088	18S	1088	0	NA
NR_003286.4_RNA18SN5_109	18S	109	1	98.8673947030702
NR_003286.4_RNA18SN5_110	18S	110	0	NA
NR_003286.4_RNA18SN5_1101	18S	1101	0	NA
NR_003286.4_RNA18SN5_1111	18S	1111	0	NA
NR_003286.4_RNA18SN5_1112	18S	1112	0	NA
NR_003286.4_RNA18SN5_1114	18S	1114	0	NA
NR_003286.4_RNA18SN5_1115	18S	1115	0	NA
NR_003286.4_RNA18SN5_112	18S	112	0	NA
NR_003286.4_RNA18SN5_1120	18S	1120	0	NA
NR_003286.4_RNA18SN5_1136	18S	1136	1	7.40429702854683
NR_003286.4_RNA18SN5_1137	18S	1137	0	NA
NR_003286.4_RNA18SN5_115	18S	115	0	NA
NR_003286.4_RNA18SN5_1152	18S	1152	0	NA
NR_003286.4_RNA18SN5_1154	18S	1154	0	NA
NR_003286.4_RNA18SN5_1155	18S	1155	0	NA
NR_003286.4_RNA18SN5_1156	18S	1156	0	NA
NR_003286.4_RNA18SN5_116	18S	116	0	NA
NR_003286.4_RNA18SN5_1160	18S	1160	0	NA
NR_003286.4_RNA18SN5_1161	18S	1161	0	NA
NR_003286.4_RNA18SN5_1172	18S	1172	0	NA
NR_003286.4_RNA18SN5_1174	18S	1174	1	100
NR_003286.4_RNA18SN5_1177	18S	1177	1	100
NR_003286.4_RNA18SN5_1178	18S	1178	0	NA
NR_003286.4_RNA18SN5_1186	18S	1186	0	NA
NR_003286.4_RNA18SN5_119	18S	119	1	94
NR_003286.4_RNA18SN5_1192	18S	1192	0	NA
NR_003286.4_RNA18SN5_1193	18S	1193	0	NA
NR_003286.4_RNA18SN5_12	18S	12	0	NA
NR_003286.4_RNA18SN5_120	18S	120	0	NA
NR_003286.4_RNA18SN5_1201	18S	1201	0	NA
NR_003286.4_RNA18SN5_1202	18S	1202	0	NA
NR_003286.4_RNA18SN5_121	18S	121	0	NA
NR_003286.4_RNA18SN5_1225	18S	1225	0	NA
NR_003286.4_RNA18SN5_1232	18S	1232	1	98.3943912683556
NR_003286.4_RNA18SN5_1238	18S	1238	1	96.8387526689487
NR_003286.4_RNA18SN5_1239	18S	1239	0	NA
NR_003286.4_RNA18SN5_124	18S	124	0	NA
NR_003286.4_RNA18SN5_1242	18S	1242	0	NA
NR_003286.4_RNA18SN5_1243	18S	1243	0	NA
NR_003286.4_RNA18SN5_1244	18S	1244	1	100
NR_003286.4_RNA18SN5_1248	18S	1248	0	NA
NR_003286.4_RNA18SN5_1263	18S	1263	0	NA
NR_003286.4_RNA18SN5_128	18S	128	0	NA
NR_003286.4_RNA18SN5_1288	18S	1288	0	NA
NR_003286.4_RNA18SN5_1289	18S	1289	0	NA
NR_003286.4_RNA18SN5_1296	18S	1296	0	NA
NR_003286.4_RNA18SN5_1297	18S	1297	0	NA
NR_003286.4_RNA18SN5_1300	18S	1300	0	NA
NR_003286.4_RNA18SN5_1304	18S	1304	0	NA
NR_003286.4_RNA18SN5_1306	18S	1306	0	NA
NR_003286.4_RNA18SN5_1307	18S	1307	0	NA
NR_003286.4_RNA18SN5_1308	18S	1308	0	NA
NR_003286.4_RNA18SN5_1310	18S	1310	0	NA
NR_003286.4_RNA18SN5_1314	18S	1314	0	NA
NR_003286.4_RNA18SN5_1315	18S	1315	0	NA
NR_003286.4_RNA18SN5_1319	18S	1319	0	NA
NR_003286.4_RNA18SN5_132	18S	132	0	NA
NR_003286.4_RNA18SN5_1323	18S	1323	0	NA
NR_003286.4_RNA18SN5_1326	18S	1326	0	NA
NR_003286.4_RNA18SN5_1329	18S	1329	0	NA
NR_003286.4_RNA18SN5_1333	18S	1333	0	NA
NR_003286.4_RNA18SN5_1339	18S	1339	0	NA
NR_003286.4_RNA18SN5_1340	18S	1340	0	NA
NR_003286.4_RNA18SN5_1342	18S	1342	0	NA
NR_003286.4_RNA18SN5_1343	18S	1343	0	NA
NR_003286.4_RNA18SN5_1346	18S	1346	0	NA
NR_003286.4_RNA18SN5_1347	18S	1347	1	98.3517956477968
NR_003286.4_RNA18SN5_135	18S	135	0	NA
NR_003286.4_RNA18SN5_1350	18S	1350	0	NA
NR_003286.4_RNA18SN5_1358	18S	1358	0	NA
NR_003286.4_RNA18SN5_1359	18S	1359	0	NA
NR_003286.4_RNA18SN5_1360	18S	1360	0	NA
NR_003286.4_RNA18SN5_1362	18S	1362	0	NA
NR_003286.4_RNA18SN5_1364	18S	1364	0	NA
NR_003286.4_RNA18SN5_1367	18S	1367	1	98.3081049910408
NR_003286.4_RNA18SN5_1368	18S	1368	0	NA
NR_003286.4_RNA18SN5_137	18S	137	0	NA
NR_003286.4_RNA18SN5_1371	18S	1371	0	NA
NR_003286.4_RNA18SN5_1372	18S	1372	0	NA
NR_003286.4_RNA18SN5_1377	18S	1377	0	NA
NR_003286.4_RNA18SN5_1390	18S	1390	0	NA
NR_003286.4_RNA18SN5_1392	18S	1392	0	NA
NR_003286.4_RNA18SN5_1397	18S	1397	0	NA
NR_003286.4_RNA18SN5_140	18S	140	0	NA
NR_003286.4_RNA18SN5_1400	18S	1400	0	NA
NR_003286.4_RNA18SN5_1404	18S	1404	0	NA
NR_003286.4_RNA18SN5_1407	18S	1407	0	NA
NR_003286.4_RNA18SN5_1408	18S	1408	0	NA
NR_003286.4_RNA18SN5_1426	18S	1426	0	NA
NR_003286.4_RNA18SN5_143	18S	143	0	NA
NR_003286.4_RNA18SN5_1432	18S	1432	0	NA
NR_003286.4_RNA18SN5_144	18S	144	0	NA
NR_003286.4_RNA18SN5_1441	18S	1441	0	NA
NR_003286.4_RNA18SN5_1442	18S	1442	0	NA
NR_003286.4_RNA18SN5_1444	18S	1444	0	NA
NR_003286.4_RNA18SN5_1445	18S	1445	1	89.9801962165794
NR_003286.4_RNA18SN5_1457	18S	1457	0	NA
NR_003286.4_RNA18SN5_1462	18S	1462	0	NA
NR_003286.4_RNA18SN5_1463	18S	1463	0	NA
NR_003286.4_RNA18SN5_1477	18S	1477	0	NA
NR_003286.4_RNA18SN5_1478	18S	1478	0	NA
NR_003286.4_RNA18SN5_148	18S	148	0	NA
NR_003286.4_RNA18SN5_1485	18S	1485	0	NA
NR_003286.4_RNA18SN5_1492	18S	1492	0	NA
NR_003286.4_RNA18SN5_1494	18S	1494	0	NA
NR_003286.4_RNA18SN5_1496	18S	1496	0	NA
NR_003286.4_RNA18SN5_1499	18S	1499	0	NA
NR_003286.4_RNA18SN5_15	18S	15	0	NA
NR_003286.4_RNA18SN5_1504	18S	1504	0	NA
NR_003286.4_RNA18SN5_1505	18S	1505	0	NA
NR_003286.4_RNA18SN5_1509	18S	1509	0	NA
NR_003286.4_RNA18SN5_1511	18S	1511	0	NA
NR_003286.4_RNA18SN5_1519	18S	1519	0	NA
NR_003286.4_RNA18SN5_152	18S	152	0	NA
NR_003286.4_RNA18SN5_1530	18S	1530	0	NA
NR_003286.4_RNA18SN5_1535	18S	1535	0	NA
NR_003286.4_RNA18SN5_1539	18S	1539	0	NA
NR_003286.4_RNA18SN5_154	18S	154	0	NA
NR_003286.4_RNA18SN5_1543	18S	1543	0	NA
NR_003286.4_RNA18SN5_1549	18S	1549	0	NA
NR_003286.4_RNA18SN5_1551	18S	1551	0	NA
NR_003286.4_RNA18SN5_1555	18S	1555	0	NA
NR_003286.4_RNA18SN5_1560	18S	1560	0	NA
NR_003286.4_RNA18SN5_157	18S	157	0	NA
NR_003286.4_RNA18SN5_1578	18S	1578	0	NA
NR_003286.4_RNA18SN5_1585	18S	1585	0	NA
NR_003286.4_RNA18SN5_1586	18S	1586	0	NA
NR_003286.4_RNA18SN5_1595	18S	1595	0	NA
NR_003286.4_RNA18SN5_1596	18S	1596	0	NA
NR_003286.4_RNA18SN5_1599	18S	1599	0	NA
NR_003286.4_RNA18SN5_160	18S	160	0	NA
NR_003286.4_RNA18SN5_1602	18S	1602	0	NA
NR_003286.4_RNA18SN5_1608	18S	1608	0	NA
NR_003286.4_RNA18SN5_161	18S	161	0	NA
NR_003286.4_RNA18SN5_1615	18S	1615	0	NA
NR_003286.4_RNA18SN5_1616	18S	1616	0	NA
NR_003286.4_RNA18SN5_1621	18S	1621	0	NA
NR_003286.4_RNA18SN5_1622	18S	1622	0	NA
NR_003286.4_RNA18SN5_1624	18S	1624	0	NA
NR_003286.4_RNA18SN5_1625	18S	1625	1	78.8844362075145
NR_003286.4_RNA18SN5_163	18S	163	0	NA
NR_003286.4_RNA18SN5_1631	18S	1631	0	NA
NR_003286.4_RNA18SN5_1642	18S	1642	0	NA
NR_003286.4_RNA18SN5_1643	18S	1643	1	96.1526973088855
NR_003286.4_RNA18SN5_1649	18S	1649	0	NA
NR_003286.4_RNA18SN5_1653	18S	1653	0	NA
NR_003286.4_RNA18SN5_1659	18S	1659	0	NA
NR_003286.4_RNA18SN5_1662	18S	1662	0	NA
NR_003286.4_RNA18SN5_1667	18S	1667	0	NA
NR_003286.4_RNA18SN5_1668	18S	1668	0	NA
NR_003286.4_RNA18SN5_1672	18S	1672	0	NA
NR_003286.4_RNA18SN5_1673	18S	1673	0	NA
NR_003286.4_RNA18SN5_1676	18S	1676	0	NA
NR_003286.4_RNA18SN5_1677	18S	1677	0	NA
NR_003286.4_RNA18SN5_1681	18S	1681	0	NA
NR_003286.4_RNA18SN5_1685	18S	1685	0	NA
NR_003286.4_RNA18SN5_169	18S	169	0	NA
NR_003286.4_RNA18SN5_1690	18S	1690	0	NA
NR_003286.4_RNA18SN5_1691	18S	1691	0	NA
NR_003286.4_RNA18SN5_1692	18S	1692	1	97.9556742639314
NR_003286.4_RNA18SN5_1694	18S	1694	0	NA
NR_003286.4_RNA18SN5_1707	18S	1707	0	NA
NR_003286.4_RNA18SN5_1711	18S	1711	0	NA
NR_003286.4_RNA18SN5_1714	18S	1714	0	NA
NR_003286.4_RNA18SN5_172	18S	172	0	NA
NR_003286.4_RNA18SN5_1720	18S	1720	0	NA
NR_003286.4_RNA18SN5_1721	18S	1721	0	NA
NR_003286.4_RNA18SN5_1725	18S	1725	0	NA
NR_003286.4_RNA18SN5_1728	18S	1728	0	NA
NR_003286.4_RNA18SN5_1729	18S	1729	0	NA
NR_003286.4_RNA18SN5_1730	18S	1730	0	NA
NR_003286.4_RNA18SN5_1733	18S	1733	0	NA
NR_003286.4_RNA18SN5_1741	18S	1741	0	NA
NR_003286.4_RNA18SN5_1746	18S	1746	0	NA
NR_003286.4_RNA18SN5_176	18S	176	0	NA
NR_003286.4_RNA18SN5_1761	18S	1761	0	NA
NR_003286.4_RNA18SN5_1775	18S	1775	0	NA
NR_003286.4_RNA18SN5_1786	18S	1786	0	NA
NR_003286.4_RNA18SN5_1797	18S	1797	0	NA
NR_003286.4_RNA18SN5_1803	18S	1803	0	NA
NR_003286.4_RNA18SN5_1804	18S	1804	0	NA
NR_003286.4_RNA18SN5_1808	18S	1808	0	NA
NR_003286.4_RNA18SN5_1810	18S	1810	0	NA
NR_003286.4_RNA18SN5_1812	18S	1812	0	NA
NR_003286.4_RNA18SN5_1821	18S	1821	0	NA
NR_003286.4_RNA18SN5_1827	18S	1827	0	NA
NR_003286.4_RNA18SN5_1830	18S	1830	0	NA
NR_003286.4_RNA18SN5_1838	18S	1838	0	NA
NR_003286.4_RNA18SN5_1839	18S	1839	0	NA
NR_003286.4_RNA18SN5_1840	18S	1840	0	NA
NR_003286.4_RNA18SN5_1844	18S	1844	0	NA
NR_003286.4_RNA18SN5_1848	18S	1848	0	NA
NR_003286.4_RNA18SN5_1854	18S	1854	0	NA
NR_003286.4_RNA18SN5_1864	18S	1864	0	NA
NR_003286.4_RNA18SN5_1867	18S	1867	0	NA
NR_003286.4_RNA18SN5_1868	18S	1868	0	NA
NR_003286.4_RNA18SN5_189	18S	189	0	NA
NR_003286.4_RNA18SN5_197	18S	197	0	NA
NR_003286.4_RNA18SN5_198	18S	198	0	NA
NR_003286.4_RNA18SN5_21	18S	21	0	NA
NR_003286.4_RNA18SN5_210	18S	210	1	83.1853323060932
NR_003286.4_RNA18SN5_214	18S	214	0	NA
NR_003286.4_RNA18SN5_218	18S	218	1	100
NR_003286.4_RNA18SN5_219	18S	219	0	NA
NR_003286.4_RNA18SN5_220	18S	220	0	NA
NR_003286.4_RNA18SN5_222	18S	222	0	NA
NR_003286.4_RNA18SN5_227	18S	227	0	NA
NR_003286.4_RNA18SN5_242	18S	242	0	NA
NR_003286.4_RNA18SN5_250	18S	250	0	NA
NR_003286.4_RNA18SN5_252	18S	252	0	NA
NR_003286.4_RNA18SN5_26	18S	26	0	NA
NR_003286.4_RNA18SN5_28	18S	28	0	NA
NR_003286.4_RNA18SN5_285	18S	285	0	NA
NR_003286.4_RNA18SN5_286	18S	286	0	NA
NR_003286.4_RNA18SN5_287	18S	287	0	NA
NR_003286.4_RNA18SN5_290	18S	290	0	NA
NR_003286.4_RNA18SN5_294	18S	294	0	NA
NR_003286.4_RNA18SN5_296	18S	296	1	25.0536597014001
NR_003286.4_RNA18SN5_300	18S	300	0	NA
NR_003286.4_RNA18SN5_305	18S	305	0	NA
NR_003286.4_RNA18SN5_31	18S	31	0	NA
NR_003286.4_RNA18SN5_314	18S	314	0	NA
NR_003286.4_RNA18SN5_32	18S	32	0	NA
NR_003286.4_RNA18SN5_328	18S	328	0	NA
NR_003286.4_RNA18SN5_34	18S	34	1	100
NR_003286.4_RNA18SN5_344	18S	344	0	NA
NR_003286.4_RNA18SN5_345	18S	345	0	NA
NR_003286.4_RNA18SN5_352	18S	352	0	NA
NR_003286.4_RNA18SN5_354	18S	354	0	NA
NR_003286.4_RNA18SN5_359	18S	359	0	NA
NR_003286.4_RNA18SN5_36	18S	36	1	82.228844622484
NR_003286.4_RNA18SN5_361	18S	361	0	NA
NR_003286.4_RNA18SN5_366	18S	366	0	NA
NR_003286.4_RNA18SN5_367	18S	367	0	NA
NR_003286.4_RNA18SN5_368	18S	368	0	NA
NR_003286.4_RNA18SN5_372	18S	372	0	NA
NR_003286.4_RNA18SN5_375	18S	375	0	NA
NR_003286.4_RNA18SN5_378	18S	378	0	NA
NR_003286.4_RNA18SN5_384	18S	384	0	NA
NR_003286.4_RNA18SN5_388	18S	388	0	NA
NR_003286.4_RNA18SN5_393	18S	393	0	NA
NR_003286.4_RNA18SN5_396	18S	396	0	NA
NR_003286.4_RNA18SN5_406	18S	406	1	87.1208251760757
NR_003286.4_RNA18SN5_416	18S	416	0	NA
NR_003286.4_RNA18SN5_422	18S	422	0	NA
NR_003286.4_RNA18SN5_423	18S	423	0	NA
NR_003286.4_RNA18SN5_427	18S	427	0	NA
NR_003286.4_RNA18SN5_428	18S	428	0	NA
NR_003286.4_RNA18SN5_43	18S	43	0	NA
NR_003286.4_RNA18SN5_44	18S	44	0	NA
NR_003286.4_RNA18SN5_443	18S	443	0	NA
NR_003286.4_RNA18SN5_454	18S	454	0	NA
NR_003286.4_RNA18SN5_461	18S	461	0	NA
NR_003286.4_RNA18SN5_487	18S	487	0	NA
NR_003286.4_RNA18SN5_488	18S	488	0	NA
NR_003286.4_RNA18SN5_495	18S	495	0	NA
NR_003286.4_RNA18SN5_5	18S	5	0	NA
NR_003286.4_RNA18SN5_51	18S	51	0	NA
NR_003286.4_RNA18SN5_511	18S	511	0	NA
NR_003286.4_RNA18SN5_514	18S	514	0	NA
NR_003286.4_RNA18SN5_524	18S	524	0	NA
NR_003286.4_RNA18SN5_530	18S	530	0	NA
NR_003286.4_RNA18SN5_538	18S	538	0	NA
NR_003286.4_RNA18SN5_540	18S	540	0	NA
NR_003286.4_RNA18SN5_541	18S	541	0	NA
NR_003286.4_RNA18SN5_542	18S	542	0	NA
NR_003286.4_RNA18SN5_55	18S	55	0	NA
NR_003286.4_RNA18SN5_551	18S	551	0	NA
NR_003286.4_RNA18SN5_553	18S	553	0	NA
NR_003286.4_RNA18SN5_556	18S	556	0	NA
NR_003286.4_RNA18SN5_557	18S	557	0	NA
NR_003286.4_RNA18SN5_562	18S	562	0	NA
NR_003286.4_RNA18SN5_566	18S	566	0	NA
NR_003286.4_RNA18SN5_57	18S	57	0	NA
NR_003286.4_RNA18SN5_571	18S	571	0	NA
NR_003286.4_RNA18SN5_572	18S	572	1	97
NR_003286.4_RNA18SN5_573	18S	573	0	NA
NR_003286.4_RNA18SN5_577	18S	577	0	NA
NR_003286.4_RNA18SN5_580	18S	580	0	NA
NR_003286.4_RNA18SN5_581	18S	581	0	NA
NR_003286.4_RNA18SN5_582	18S	582	0	NA
NR_003286.4_RNA18SN5_59	18S	59	0	NA
NR_003286.4_RNA18SN5_591	18S	591	0	NA
NR_003286.4_RNA18SN5_595	18S	595	0	NA
NR_003286.4_RNA18SN5_596	18S	596	0	NA
NR_003286.4_RNA18SN5_607	18S	607	0	NA
NR_003286.4_RNA18SN5_609	18S	609	1	89.9419480898343
NR_003286.4_RNA18SN5_612	18S	612	0	NA
NR_003286.4_RNA18SN5_627	18S	627	0	NA
NR_003286.4_RNA18SN5_63	18S	63	0	NA
NR_003286.4_RNA18SN5_630	18S	630	0	NA
NR_003286.4_RNA18SN5_631	18S	631	0	NA
NR_003286.4_RNA18SN5_637	18S	637	0	NA
NR_003286.4_RNA18SN5_642	18S	642	0	NA
NR_003286.4_RNA18SN5_647	18S	647	0	NA
NR_003286.4_RNA18SN5_649	18S	649	1	93
NR_003286.4_RNA18SN5_651	18S	651	1	93
NR_003286.4_RNA18SN5_652	18S	652	0	NA
NR_003286.4_RNA18SN5_657	18S	657	0	NA
NR_003286.4_RNA18SN5_658	18S	658	0	NA
NR_003286.4_RNA18SN5_661	18S	661	0	NA
NR_003286.4_RNA18SN5_666	18S	666	0	NA
NR_003286.4_RNA18SN5_667	18S	667	0	NA
NR_003286.4_RNA18SN5_675	18S	675	0	NA
NR_003286.4_RNA18SN5_678	18S	678	0	NA
NR_003286.4_RNA18SN5_681	18S	681	1	67
NR_003286.4_RNA18SN5_682	18S	682	0	NA
NR_003286.4_RNA18SN5_686	18S	686	1	95.0032114177987
NR_003286.4_RNA18SN5_688	18S	688	0	NA
NR_003286.4_RNA18SN5_689	18S	689	0	NA
NR_003286.4_RNA18SN5_706	18S	706	0	NA
NR_003286.4_RNA18SN5_732	18S	732	0	NA
NR_003286.4_RNA18SN5_742	18S	742	0	NA
NR_003286.4_RNA18SN5_743	18S	743	0	NA
NR_003286.4_RNA18SN5_747	18S	747	0	NA
NR_003286.4_RNA18SN5_749	18S	749	0	NA
NR_003286.4_RNA18SN5_76	18S	76	0	NA
NR_003286.4_RNA18SN5_760	18S	760	0	NA
NR_003286.4_RNA18SN5_764	18S	764	0	NA
NR_003286.4_RNA18SN5_767	18S	767	0	NA
NR_003286.4_RNA18SN5_769	18S	769	0	NA
NR_003286.4_RNA18SN5_770	18S	770	0	NA
NR_003286.4_RNA18SN5_774	18S	774	0	NA
NR_003286.4_RNA18SN5_778	18S	778	0	NA
NR_003286.4_RNA18SN5_780	18S	780	0	NA
NR_003286.4_RNA18SN5_799	18S	799	0	NA
NR_003286.4_RNA18SN5_8	18S	8	0	NA
NR_003286.4_RNA18SN5_800	18S	800	0	NA
NR_003286.4_RNA18SN5_801	18S	801	1	100
NR_003286.4_RNA18SN5_804	18S	804	0	NA
NR_003286.4_RNA18SN5_805	18S	805	0	NA
NR_003286.4_RNA18SN5_806	18S	806	0	NA
NR_003286.4_RNA18SN5_81	18S	81	0	NA
NR_003286.4_RNA18SN5_814	18S	814	1	100
NR_003286.4_RNA18SN5_815	18S	815	1	100
NR_003286.4_RNA18SN5_820	18S	820	0	NA
NR_003286.4_RNA18SN5_822	18S	822	1	99.0433058164782
NR_003286.4_RNA18SN5_823	18S	823	0	NA
NR_003286.4_RNA18SN5_844	18S	844	0	NA
NR_003286.4_RNA18SN5_848	18S	848	0	NA
NR_003286.4_RNA18SN5_857	18S	857	0	NA
NR_003286.4_RNA18SN5_863	18S	863	1	94.8166282527742
NR_003286.4_RNA18SN5_866	18S	866	1	87.630675605457
NR_003286.4_RNA18SN5_87	18S	87	0	NA
NR_003286.4_RNA18SN5_871	18S	871	0	NA
NR_003286.4_RNA18SN5_882	18S	882	0	NA
NR_003286.4_RNA18SN5_883	18S	883	0	NA
NR_003286.4_RNA18SN5_885	18S	885	0	NA
NR_003286.4_RNA18SN5_887	18S	887	0	NA
NR_003286.4_RNA18SN5_888	18S	888	0	NA
NR_003286.4_RNA18SN5_889	18S	889	0	NA
NR_003286.4_RNA18SN5_890	18S	890	0	NA
NR_003286.4_RNA18SN5_892	18S	892	0	NA
NR_003286.4_RNA18SN5_893	18S	893	0	NA
NR_003286.4_RNA18SN5_896	18S	896	0	NA
NR_003286.4_RNA18SN5_897	18S	897	1	23.1309055596186
NR_003286.4_RNA18SN5_898	18S	898	0	NA
NR_003286.4_RNA18SN5_899	18S	899	0	NA
NR_003286.4_RNA18SN5_9	18S	9	0	NA
NR_003286.4_RNA18SN5_906	18S	906	0	NA
NR_003286.4_RNA18SN5_914	18S	914	0	NA
NR_003286.4_RNA18SN5_917	18S	917	0	NA
NR_003286.4_RNA18SN5_918	18S	918	1	42.4992966499429
NR_003286.4_RNA18SN5_93	18S	93	1	87.0674952418876
NR_003286.4_RNA18SN5_939	18S	939	0	NA
NR_003286.4_RNA18SN5_940	18S	940	0	NA
NR_003286.4_RNA18SN5_943	18S	943	0	NA
NR_003286.4_RNA18SN5_945	18S	945	0	NA
NR_003286.4_RNA18SN5_946	18S	946	0	NA
NR_003286.4_RNA18SN5_954	18S	954	0	NA
NR_003286.4_RNA18SN5_960	18S	960	0	NA
NR_003286.4_RNA18SN5_965	18S	965	0	NA
NR_003286.4_RNA18SN5_966	18S	966	1	89.3382702696043
NR_003286.4_RNA18SN5_968	18S	968	0	NA
NR_003286.4_RNA18SN5_969	18S	969	0	NA
NR_003286.4_RNA18SN5_97	18S	97	0	NA
NR_003287.4_RNA28SN5_1055	28S	1055	0	NA
NR_003287.4_RNA28SN5_1057	28S	1057	0	NA
NR_003287.4_RNA28SN5_1060	28S	1060	0	NA
NR_003287.4_RNA28SN5_1063	28S	1063	0	NA
NR_003287.4_RNA28SN5_1083	28S	1083	0	NA
NR_003287.4_RNA28SN5_1100	28S	1100	0	NA
NR_003287.4_RNA28SN5_1102	28S	1102	0	NA
NR_003287.4_RNA28SN5_1111	28S	1111	0	NA
NR_003287.4_RNA28SN5_1114	28S	1114	0	NA
NR_003287.4_RNA28SN5_1179	28S	1179	0	NA
NR_003287.4_RNA28SN5_1186	28S	1186	0	NA
NR_003287.4_RNA28SN5_1201	28S	1201	0	NA
NR_003287.4_RNA28SN5_1209	28S	1209	0	NA
NR_003287.4_RNA28SN5_122	28S	122	0	NA
NR_003287.4_RNA28SN5_1225	28S	1225	0	NA
NR_003287.4_RNA28SN5_1226	28S	1226	0	NA
NR_003287.4_RNA28SN5_1228	28S	1228	0	NA
NR_003287.4_RNA28SN5_1230	28S	1230	0	NA
NR_003287.4_RNA28SN5_1247	28S	1247	0	NA
NR_003287.4_RNA28SN5_1285	28S	1285	0	NA
NR_003287.4_RNA28SN5_1297	28S	1297	0	NA
NR_003287.4_RNA28SN5_13	28S	13	0	NA
NR_003287.4_RNA28SN5_1302	28S	1302	0	NA
NR_003287.4_RNA28SN5_1317	28S	1317	0	NA
NR_003287.4_RNA28SN5_1319	28S	1319	0	NA
NR_003287.4_RNA28SN5_1320	28S	1320	0	NA
NR_003287.4_RNA28SN5_1339	28S	1339	0	NA
NR_003287.4_RNA28SN5_1341	28S	1341	0	NA
NR_003287.4_RNA28SN5_1348	28S	1348	0	NA
NR_003287.4_RNA28SN5_1356	28S	1356	0	NA
NR_003287.4_RNA28SN5_1364	28S	1364	0	NA
NR_003287.4_RNA28SN5_1381	28S	1381	0	NA
NR_003287.4_RNA28SN5_1389	28S	1389	0	NA
NR_003287.4_RNA28SN5_1395	28S	1395	0	NA
NR_003287.4_RNA28SN5_1410	28S	1410	0	NA
NR_003287.4_RNA28SN5_1423	28S	1423	0	NA
NR_003287.4_RNA28SN5_1428	28S	1428	0	NA
NR_003287.4_RNA28SN5_1438	28S	1438	0	NA
NR_003287.4_RNA28SN5_1440	28S	1440	0	NA
NR_003287.4_RNA28SN5_1445	28S	1445	0	NA
NR_003287.4_RNA28SN5_1471	28S	1471	0	NA
NR_003287.4_RNA28SN5_1473	28S	1473	0	NA
NR_003287.4_RNA28SN5_1494	28S	1494	0	NA
NR_003287.4_RNA28SN5_150	28S	150	0	NA
NR_003287.4_RNA28SN5_1511	28S	1511	0	NA
NR_003287.4_RNA28SN5_1513	28S	1513	0	NA
NR_003287.4_RNA28SN5_1514	28S	1514	0	NA
NR_003287.4_RNA28SN5_152	28S	152	0	NA
NR_003287.4_RNA28SN5_1528	28S	1528	0	NA
NR_003287.4_RNA28SN5_1531	28S	1531	0	NA
NR_003287.4_RNA28SN5_1536	28S	1536	1	88.1861313429837
NR_003287.4_RNA28SN5_1538	28S	1538	0	NA
NR_003287.4_RNA28SN5_1542	28S	1542	0	NA
NR_003287.4_RNA28SN5_1567	28S	1567	0	NA
NR_003287.4_RNA28SN5_1569	28S	1569	0	NA
NR_003287.4_RNA28SN5_157	28S	157	0	NA
NR_003287.4_RNA28SN5_1572	28S	1572	0	NA
NR_003287.4_RNA28SN5_1578	28S	1578	0	NA
NR_003287.4_RNA28SN5_1582	28S	1582	1	68
NR_003287.4_RNA28SN5_1588	28S	1588	0	NA
NR_003287.4_RNA28SN5_1591	28S	1591	0	NA
NR_003287.4_RNA28SN5_1596	28S	1596	0	NA
NR_003287.4_RNA28SN5_1602	28S	1602	0	NA
NR_003287.4_RNA28SN5_1606	28S	1606	0	NA
NR_003287.4_RNA28SN5_1609	28S	1609	0	NA
NR_003287.4_RNA28SN5_1616	28S	1616	0	NA
NR_003287.4_RNA28SN5_1620	28S	1620	0	NA
NR_003287.4_RNA28SN5_1622	28S	1622	0	NA
NR_003287.4_RNA28SN5_1636	28S	1636	0	NA
NR_003287.4_RNA28SN5_1639	28S	1639	0	NA
NR_003287.4_RNA28SN5_1647	28S	1647	0	NA
NR_003287.4_RNA28SN5_1649	28S	1649	0	NA
NR_003287.4_RNA28SN5_1652	28S	1652	0	NA
NR_003287.4_RNA28SN5_1656	28S	1656	0	NA
NR_003287.4_RNA28SN5_1659	28S	1659	0	NA
NR_003287.4_RNA28SN5_1660	28S	1660	0	NA
NR_003287.4_RNA28SN5_1664	28S	1664	0	NA
NR_003287.4_RNA28SN5_1671	28S	1671	0	NA
NR_003287.4_RNA28SN5_1672	28S	1672	0	NA
NR_003287.4_RNA28SN5_1673	28S	1673	0	NA
NR_003287.4_RNA28SN5_1677	28S	1677	1	96.7001578201542
NR_003287.4_RNA28SN5_1683	28S	1683	1	95.6493083743028
NR_003287.4_RNA28SN5_1687	28S	1687	0	NA
NR_003287.4_RNA28SN5_1693	28S	1693	0	NA
NR_003287.4_RNA28SN5_1695	28S	1695	0	NA
NR_003287.4_RNA28SN5_171	28S	171	0	NA
NR_003287.4_RNA28SN5_1725	28S	1725	0	NA
NR_003287.4_RNA28SN5_1726	28S	1726	0	NA
NR_003287.4_RNA28SN5_1727	28S	1727	0	NA
NR_003287.4_RNA28SN5_1728	28S	1728	0	NA
NR_003287.4_RNA28SN5_1730	28S	1730	0	NA
NR_003287.4_RNA28SN5_1735	28S	1735	0	NA
NR_003287.4_RNA28SN5_1744	28S	1744	1	100
NR_003287.4_RNA28SN5_1747	28S	1747	0	NA
NR_003287.4_RNA28SN5_1748	28S	1748	0	NA
NR_003287.4_RNA28SN5_1754	28S	1754	0	NA
NR_003287.4_RNA28SN5_1756	28S	1756	0	NA
NR_003287.4_RNA28SN5_1757	28S	1757	0	NA
NR_003287.4_RNA28SN5_1771	28S	1771	0	NA
NR_003287.4_RNA28SN5_1773	28S	1773	0	NA
NR_003287.4_RNA28SN5_1779	28S	1779	1	40.1050830636918
NR_003287.4_RNA28SN5_1781	28S	1781	1	100
NR_003287.4_RNA28SN5_1782	28S	1782	1	100
NR_003287.4_RNA28SN5_1784	28S	1784	0	NA
NR_003287.4_RNA28SN5_1790	28S	1790	0	NA
NR_003287.4_RNA28SN5_1791	28S	1791	0	NA
NR_003287.4_RNA28SN5_1792	28S	1792	1	100
NR_003287.4_RNA28SN5_1796	28S	1796	0	NA
NR_003287.4_RNA28SN5_1800	28S	1800	0	NA
NR_003287.4_RNA28SN5_1813	28S	1813	0	NA
NR_003287.4_RNA28SN5_1817	28S	1817	0	NA
NR_003287.4_RNA28SN5_1822	28S	1822	0	NA
NR_003287.4_RNA28SN5_1834	28S	1834	0	NA
NR_003287.4_RNA28SN5_1839	28S	1839	0	NA
NR_003287.4_RNA28SN5_184	28S	184	0	NA
NR_003287.4_RNA28SN5_1845	28S	1845	0	NA
NR_003287.4_RNA28SN5_1849	28S	1849	0	NA
NR_003287.4_RNA28SN5_1852	28S	1852	0	NA
NR_003287.4_RNA28SN5_1860	28S	1860	1	95.2485494373392
NR_003287.4_RNA28SN5_1861	28S	1861	0	NA
NR_003287.4_RNA28SN5_1862	28S	1862	1	95.2485494373392
NR_003287.4_RNA28SN5_1863	28S	1863	0	NA
NR_003287.4_RNA28SN5_1866	28S	1866	0	NA
NR_003287.4_RNA28SN5_187	28S	187	0	NA
NR_003287.4_RNA28SN5_1876	28S	1876	0	NA
NR_003287.4_RNA28SN5_1882	28S	1882	0	NA
NR_003287.4_RNA28SN5_1889	28S	1889	0	NA
NR_003287.4_RNA28SN5_1905	28S	1905	0	NA
NR_003287.4_RNA28SN5_1906	28S	1906	0	NA
NR_003287.4_RNA28SN5_1918	28S	1918	0	NA
NR_003287.4_RNA28SN5_1927	28S	1927	0	NA
NR_003287.4_RNA28SN5_1930	28S	1930	0	NA
NR_003287.4_RNA28SN5_1947	28S	1947	0	NA
NR_003287.4_RNA28SN5_1949	28S	1949	0	NA
NR_003287.4_RNA28SN5_1950	28S	1950	0	NA
NR_003287.4_RNA28SN5_1953	28S	1953	0	NA
NR_003287.4_RNA28SN5_1954	28S	1954	0	NA
NR_003287.4_RNA28SN5_1957	28S	1957	0	NA
NR_003287.4_RNA28SN5_1959	28S	1959	0	NA
NR_003287.4_RNA28SN5_1974	28S	1974	0	NA
NR_003287.4_RNA28SN5_1980	28S	1980	0	NA
NR_003287.4_RNA28SN5_1986	28S	1986	0	NA
NR_003287.4_RNA28SN5_1992	28S	1992	0	NA
NR_003287.4_RNA28SN5_1997	28S	1997	0	NA
NR_003287.4_RNA28SN5_20	28S	20	0	NA
NR_003287.4_RNA28SN5_200	28S	200	0	NA
NR_003287.4_RNA28SN5_2004	28S	2004	0	NA
NR_003287.4_RNA28SN5_2006	28S	2006	0	NA
NR_003287.4_RNA28SN5_2008	28S	2008	0	NA
NR_003287.4_RNA28SN5_2015	28S	2015	0	NA
NR_003287.4_RNA28SN5_2020	28S	2020	0	NA
NR_003287.4_RNA28SN5_2027	28S	2027	0	NA
NR_003287.4_RNA28SN5_203	28S	203	0	NA
NR_003287.4_RNA28SN5_2032	28S	2032	0	NA
NR_003287.4_RNA28SN5_2038	28S	2038	0	NA
NR_003287.4_RNA28SN5_204	28S	204	0	NA
NR_003287.4_RNA28SN5_2044	28S	2044	0	NA
NR_003287.4_RNA28SN5_2048	28S	2048	0	NA
NR_003287.4_RNA28SN5_2054	28S	2054	0	NA
NR_003287.4_RNA28SN5_206	28S	206	0	NA
NR_003287.4_RNA28SN5_2061	28S	2061	0	NA
NR_003287.4_RNA28SN5_2070	28S	2070	0	NA
NR_003287.4_RNA28SN5_2080	28S	2080	0	NA
NR_003287.4_RNA28SN5_209	28S	209	0	NA
NR_003287.4_RNA28SN5_2090	28S	2090	0	NA
NR_003287.4_RNA28SN5_2097	28S	2097	0	NA
NR_003287.4_RNA28SN5_2135	28S	2135	0	NA
NR_003287.4_RNA28SN5_2137	28S	2137	0	NA
NR_003287.4_RNA28SN5_2140	28S	2140	0	NA
NR_003287.4_RNA28SN5_2142	28S	2142	0	NA
NR_003287.4_RNA28SN5_2146	28S	2146	0	NA
NR_003287.4_RNA28SN5_2178	28S	2178	0	NA
NR_003287.4_RNA28SN5_2180	28S	2180	0	NA
NR_003287.4_RNA28SN5_2185	28S	2185	0	NA
NR_003287.4_RNA28SN5_2188	28S	2188	0	NA
NR_003287.4_RNA28SN5_2189	28S	2189	0	NA
NR_003287.4_RNA28SN5_2212	28S	2212	0	NA
NR_003287.4_RNA28SN5_2215	28S	2215	0	NA
NR_003287.4_RNA28SN5_2220	28S	2220	0	NA
NR_003287.4_RNA28SN5_2223	28S	2223	0	NA
NR_003287.4_RNA28SN5_224	28S	224	0	NA
NR_003287.4_RNA28SN5_2240	28S	2240	0	NA
NR_003287.4_RNA28SN5_2267	28S	2267	0	NA
NR_003287.4_RNA28SN5_2281	28S	2281	0	NA
NR_003287.4_RNA28SN5_2293	28S	2293	0	NA
NR_003287.4_RNA28SN5_2298	28S	2298	0	NA
NR_003287.4_RNA28SN5_2304	28S	2304	0	NA
NR_003287.4_RNA28SN5_2305	28S	2305	0	NA
NR_003287.4_RNA28SN5_231	28S	231	0	NA
NR_003287.4_RNA28SN5_2312	28S	2312	0	NA
NR_003287.4_RNA28SN5_2329	28S	2329	0	NA
NR_003287.4_RNA28SN5_233	28S	233	0	NA
NR_003287.4_RNA28SN5_2344	28S	2344	0	NA
NR_003287.4_RNA28SN5_2350	28S	2350	0	NA
NR_003287.4_RNA28SN5_2352	28S	2352	0	NA
NR_003287.4_RNA28SN5_2353	28S	2353	0	NA
NR_003287.4_RNA28SN5_2356	28S	2356	0	NA
NR_003287.4_RNA28SN5_2359	28S	2359	0	NA
NR_003287.4_RNA28SN5_2362	28S	2362	0	NA
NR_003287.4_RNA28SN5_2369	28S	2369	0	NA
NR_003287.4_RNA28SN5_2371	28S	2371	0	NA
NR_003287.4_RNA28SN5_2372	28S	2372	0	NA
NR_003287.4_RNA28SN5_2384	28S	2384	0	NA
NR_003287.4_RNA28SN5_2385	28S	2385	0	NA
NR_003287.4_RNA28SN5_2386	28S	2386	0	NA
NR_003287.4_RNA28SN5_2398	28S	2398	0	NA
NR_003287.4_RNA28SN5_2408	28S	2408	0	NA
NR_003287.4_RNA28SN5_2409	28S	2409	0	NA
NR_003287.4_RNA28SN5_2413	28S	2413	0	NA
NR_003287.4_RNA28SN5_2415	28S	2415	0	NA
NR_003287.4_RNA28SN5_242	28S	242	0	NA
NR_003287.4_RNA28SN5_2425	28S	2425	0	NA
NR_003287.4_RNA28SN5_2426	28S	2426	0	NA
NR_003287.4_RNA28SN5_2432	28S	2432	0	NA
NR_003287.4_RNA28SN5_2436	28S	2436	0	NA
NR_003287.4_RNA28SN5_2440	28S	2440	0	NA
NR_003287.4_RNA28SN5_2444	28S	2444	0	NA
NR_003287.4_RNA28SN5_2447	28S	2447	0	NA
NR_003287.4_RNA28SN5_2454	28S	2454	0	NA
NR_003287.4_RNA28SN5_2467	28S	2467	0	NA
NR_003287.4_RNA28SN5_2468	28S	2468	0	NA
NR_003287.4_RNA28SN5_2485	28S	2485	0	NA
NR_003287.4_RNA28SN5_2490	28S	2490	0	NA
NR_003287.4_RNA28SN5_2494	28S	2494	0	NA
NR_003287.4_RNA28SN5_2495	28S	2495	0	NA
NR_003287.4_RNA28SN5_2500	28S	2500	0	NA
NR_003287.4_RNA28SN5_2508	28S	2508	1	92.2372500629896
NR_003287.4_RNA28SN5_2519	28S	2519	0	NA
NR_003287.4_RNA28SN5_2524	28S	2524	0	NA
NR_003287.4_RNA28SN5_2525	28S	2525	0	NA
NR_003287.4_RNA28SN5_2530	28S	2530	0	NA
NR_003287.4_RNA28SN5_2538	28S	2538	0	NA
NR_003287.4_RNA28SN5_2545	28S	2545	0	NA
NR_003287.4_RNA28SN5_2554	28S	2554	0	NA
NR_003287.4_RNA28SN5_2570	28S	2570	0	NA
NR_003287.4_RNA28SN5_2575	28S	2575	0	NA
NR_003287.4_RNA28SN5_2580	28S	2580	0	NA
NR_003287.4_RNA28SN5_2592	28S	2592	0	NA
NR_003287.4_RNA28SN5_2625	28S	2625	0	NA
NR_003287.4_RNA28SN5_2626	28S	2626	0	NA
NR_003287.4_RNA28SN5_2628	28S	2628	0	NA
NR_003287.4_RNA28SN5_2630	28S	2630	0	NA
NR_003287.4_RNA28SN5_2631	28S	2631	0	NA
NR_003287.4_RNA28SN5_2632	28S	2632	1	95.7593365841809
NR_003287.4_RNA28SN5_2633	28S	2633	0	NA
NR_003287.4_RNA28SN5_2635	28S	2635	0	NA
NR_003287.4_RNA28SN5_2636	28S	2636	0	NA
NR_003287.4_RNA28SN5_2637	28S	2637	0	NA
NR_003287.4_RNA28SN5_2639	28S	2639	0	NA
NR_003287.4_RNA28SN5_2656	28S	2656	0	NA
NR_003287.4_RNA28SN5_2661	28S	2661	0	NA
NR_003287.4_RNA28SN5_2665	28S	2665	0	NA
NR_003287.4_RNA28SN5_2666	28S	2666	0	NA
NR_003287.4_RNA28SN5_2687	28S	2687	0	NA
NR_003287.4_RNA28SN5_2691	28S	2691	0	NA
NR_003287.4_RNA28SN5_2692	28S	2692	0	NA
NR_003287.4_RNA28SN5_270	28S	270	0	NA
NR_003287.4_RNA28SN5_2701	28S	2701	0	NA
NR_003287.4_RNA28SN5_2707	28S	2707	0	NA
NR_003287.4_RNA28SN5_2708	28S	2708	0	NA
NR_003287.4_RNA28SN5_2718	28S	2718	0	NA
NR_003287.4_RNA28SN5_272	28S	272	0	NA
NR_003287.4_RNA28SN5_2723	28S	2723	0	NA
NR_003287.4_RNA28SN5_2728	28S	2728	0	NA
NR_003287.4_RNA28SN5_273	28S	273	0	NA
NR_003287.4_RNA28SN5_2730	28S	2730	0	NA
NR_003287.4_RNA28SN5_2734	28S	2734	0	NA
NR_003287.4_RNA28SN5_2740	28S	2740	0	NA
NR_003287.4_RNA28SN5_2741	28S	2741	0	NA
NR_003287.4_RNA28SN5_2747	28S	2747	0	NA
NR_003287.4_RNA28SN5_2761	28S	2761	0	NA
NR_003287.4_RNA28SN5_2763	28S	2763	0	NA
NR_003287.4_RNA28SN5_2767	28S	2767	0	NA
NR_003287.4_RNA28SN5_2769	28S	2769	0	NA
NR_003287.4_RNA28SN5_2782	28S	2782	0	NA
NR_003287.4_RNA28SN5_2788	28S	2788	0	NA
NR_003287.4_RNA28SN5_2790	28S	2790	0	NA
NR_003287.4_RNA28SN5_2801	28S	2801	0	NA
NR_003287.4_RNA28SN5_2803	28S	2803	0	NA
NR_003287.4_RNA28SN5_281	28S	281	0	NA
NR_003287.4_RNA28SN5_2810	28S	2810	0	NA
NR_003287.4_RNA28SN5_2819	28S	2819	0	NA
NR_003287.4_RNA28SN5_2821	28S	2821	0	NA
NR_003287.4_RNA28SN5_2826	28S	2826	0	NA
NR_003287.4_RNA28SN5_2828	28S	2828	0	NA
NR_003287.4_RNA28SN5_2829	28S	2829	0	NA
NR_003287.4_RNA28SN5_2837	28S	2837	0	NA
NR_003287.4_RNA28SN5_2839	28S	2839	1	20
NR_003287.4_RNA28SN5_2843	28S	2843	1	9.30886166647982
NR_003287.4_RNA28SN5_2852	28S	2852	0	NA
NR_003287.4_RNA28SN5_286	28S	286	0	NA
NR_003287.4_RNA28SN5_2865	28S	2865	0	NA
NR_003287.4_RNA28SN5_2869	28S	2869	0	NA
NR_003287.4_RNA28SN5_287	28S	287	0	NA
NR_003287.4_RNA28SN5_2873	28S	2873	0	NA
NR_003287.4_RNA28SN5_2874	28S	2874	0	NA
NR_003287.4_RNA28SN5_2880	28S	2880	0	NA
NR_003287.4_RNA28SN5_2886	28S	2886	0	NA
NR_003287.4_RNA28SN5_2887	28S	2887	0	NA
NR_003287.4_RNA28SN5_2891	28S	2891	0	NA
NR_003287.4_RNA28SN5_2893	28S	2893	0	NA
NR_003287.4_RNA28SN5_290	28S	290	0	NA
NR_003287.4_RNA28SN5_2900	28S	2900	0	NA
NR_003287.4_RNA28SN5_2904	28S	2904	0	NA
NR_003287.4_RNA28SN5_2908	28S	2908	0	NA
NR_003287.4_RNA28SN5_291	28S	291	0	NA
NR_003287.4_RNA28SN5_2914	28S	2914	0	NA
NR_003287.4_RNA28SN5_2932	28S	2932	0	NA
NR_003287.4_RNA28SN5_2949	28S	2949	0	NA
NR_003287.4_RNA28SN5_297	28S	297	0	NA
NR_003287.4_RNA28SN5_2992	28S	2992	0	NA
NR_003287.4_RNA28SN5_3001	28S	3001	0	NA
NR_003287.4_RNA28SN5_3028	28S	3028	0	NA
NR_003287.4_RNA28SN5_3032	28S	3032	0	NA
NR_003287.4_RNA28SN5_3036	28S	3036	0	NA
NR_003287.4_RNA28SN5_3052	28S	3052	0	NA
NR_003287.4_RNA28SN5_3054	28S	3054	0	NA
NR_003287.4_RNA28SN5_3056	28S	3056	0	NA
NR_003287.4_RNA28SN5_3058	28S	3058	0	NA
NR_003287.4_RNA28SN5_3060	28S	3060	0	NA
NR_003287.4_RNA28SN5_3062	28S	3062	0	NA
NR_003287.4_RNA28SN5_3064	28S	3064	0	NA
NR_003287.4_RNA28SN5_3066	28S	3066	0	NA
NR_003287.4_RNA28SN5_3074	28S	3074	0	NA
NR_003287.4_RNA28SN5_3080	28S	3080	0	NA
NR_003287.4_RNA28SN5_3083	28S	3083	0	NA
NR_003287.4_RNA28SN5_3090	28S	3090	0	NA
NR_003287.4_RNA28SN5_31	28S	31	0	NA
NR_003287.4_RNA28SN5_3109	28S	3109	0	NA
NR_003287.4_RNA28SN5_313	28S	313	0	NA
NR_003287.4_RNA28SN5_3135	28S	3135	0	NA
NR_003287.4_RNA28SN5_316	28S	316	0	NA
NR_003287.4_RNA28SN5_321	28S	321	0	NA
NR_003287.4_RNA28SN5_3242	28S	3242	0	NA
NR_003287.4_RNA28SN5_3244	28S	3244	0	NA
NR_003287.4_RNA28SN5_325	28S	325	0	NA
NR_003287.4_RNA28SN5_3262	28S	3262	0	NA
NR_003287.4_RNA28SN5_3263	28S	3263	0	NA
NR_003287.4_RNA28SN5_3268	28S	3268	0	NA
NR_003287.4_RNA28SN5_327	28S	327	0	NA
NR_003287.4_RNA28SN5_3272	28S	3272	0	NA
NR_003287.4_RNA28SN5_3282	28S	3282	0	NA
NR_003287.4_RNA28SN5_3293	28S	3293	0	NA
NR_003287.4_RNA28SN5_333	28S	333	0	NA
NR_003287.4_RNA28SN5_3351	28S	3351	0	NA
NR_003287.4_RNA28SN5_3353	28S	3353	0	NA
NR_003287.4_RNA28SN5_3356	28S	3356	0	NA
NR_003287.4_RNA28SN5_3367	28S	3367	0	NA
NR_003287.4_RNA28SN5_337	28S	337	0	NA
NR_003287.4_RNA28SN5_3372	28S	3372	0	NA
NR_003287.4_RNA28SN5_3388	28S	3388	0	NA
NR_003287.4_RNA28SN5_3402	28S	3402	0	NA
NR_003287.4_RNA28SN5_3426	28S	3426	0	NA
NR_003287.4_RNA28SN5_3468	28S	3468	0	NA
NR_003287.4_RNA28SN5_3469	28S	3469	0	NA
NR_003287.4_RNA28SN5_3476	28S	3476	0	NA
NR_003287.4_RNA28SN5_3479	28S	3479	0	NA
NR_003287.4_RNA28SN5_3482	28S	3482	0	NA
NR_003287.4_RNA28SN5_35	28S	35	0	NA
NR_003287.4_RNA28SN5_354	28S	354	0	NA
NR_003287.4_RNA28SN5_357	28S	357	0	NA
NR_003287.4_RNA28SN5_3578	28S	3578	0	NA
NR_003287.4_RNA28SN5_3583	28S	3583	0	NA
NR_003287.4_RNA28SN5_3595	28S	3595	0	NA
NR_003287.4_RNA28SN5_36	28S	36	0	NA
NR_003287.4_RNA28SN5_3606	28S	3606	0	NA
NR_003287.4_RNA28SN5_3607	28S	3607	0	NA
NR_003287.4_RNA28SN5_3613	28S	3613	0	NA
NR_003287.4_RNA28SN5_3616	28S	3616	0	NA
NR_003287.4_RNA28SN5_3631	28S	3631	0	NA
NR_003287.4_RNA28SN5_3637	28S	3637	1	89
NR_003287.4_RNA28SN5_3639	28S	3639	1	94.9694536877183
NR_003287.4_RNA28SN5_3640	28S	3640	0	NA
NR_003287.4_RNA28SN5_3641	28S	3641	0	NA
NR_003287.4_RNA28SN5_3644	28S	3644	0	NA
NR_003287.4_RNA28SN5_3645	28S	3645	0	NA
NR_003287.4_RNA28SN5_365	28S	365	0	NA
NR_003287.4_RNA28SN5_3657	28S	3657	0	NA
NR_003287.4_RNA28SN5_3677	28S	3677	0	NA
NR_003287.4_RNA28SN5_3679	28S	3679	0	NA
NR_003287.4_RNA28SN5_3680	28S	3680	0	NA
NR_003287.4_RNA28SN5_3688	28S	3688	0	NA
NR_003287.4_RNA28SN5_3690	28S	3690	0	NA
NR_003287.4_RNA28SN5_3693	28S	3693	0	NA
NR_003287.4_RNA28SN5_3694	28S	3694	0	NA
NR_003287.4_RNA28SN5_3695	28S	3695	1	98.6644669941774
NR_003287.4_RNA28SN5_3697	28S	3697	0	NA
NR_003287.4_RNA28SN5_37	28S	37	0	NA
NR_003287.4_RNA28SN5_370	28S	370	0	NA
NR_003287.4_RNA28SN5_3704	28S	3704	0	NA
NR_003287.4_RNA28SN5_3707	28S	3707	0	NA
NR_003287.4_RNA28SN5_3709	28S	3709	0	NA
NR_003287.4_RNA28SN5_3713	28S	3713	0	NA
NR_003287.4_RNA28SN5_3715	28S	3715	1	100
NR_003287.4_RNA28SN5_3721	28S	3721	0	NA
NR_003287.4_RNA28SN5_3729	28S	3729	0	NA
NR_003287.4_RNA28SN5_3730	28S	3730	1	72.2
NR_003287.4_RNA28SN5_3734	28S	3734	1	98
NR_003287.4_RNA28SN5_3745	28S	3745	0	NA
NR_003287.4_RNA28SN5_3758	28S	3758	1	85.3979874553571
NR_003287.4_RNA28SN5_3762	28S	3762	1	100
NR_003287.4_RNA28SN5_3764	28S	3764	1	100
NR_003287.4_RNA28SN5_3768	28S	3768	1	100
NR_003287.4_RNA28SN5_3770	28S	3770	1	100
NR_003287.4_RNA28SN5_3772	28S	3772	0	NA
NR_003287.4_RNA28SN5_3773	28S	3773	0	NA
NR_003287.4_RNA28SN5_3778	28S	3778	0	NA
NR_003287.4_RNA28SN5_3786	28S	3786	0	NA
NR_003287.4_RNA28SN5_3790	28S	3790	0	NA
NR_003287.4_RNA28SN5_3793	28S	3793	0	NA
NR_003287.4_RNA28SN5_3796	28S	3796	0	NA
NR_003287.4_RNA28SN5_3798	28S	3798	0	NA
NR_003287.4_RNA28SN5_380	28S	380	0	NA
NR_003287.4_RNA28SN5_3801	28S	3801	0	NA
NR_003287.4_RNA28SN5_3802	28S	3802	0	NA
NR_003287.4_RNA28SN5_3805	28S	3805	0	NA
NR_003287.4_RNA28SN5_381	28S	381	0	NA
NR_003287.4_RNA28SN5_3814	28S	3814	0	NA
NR_003287.4_RNA28SN5_3818	28S	3818	0	NA
NR_003287.4_RNA28SN5_3822	28S	3822	1	50
NR_003287.4_RNA28SN5_3831	28S	3831	0	NA
NR_003287.4_RNA28SN5_3832	28S	3832	0	NA
NR_003287.4_RNA28SN5_3838	28S	3838	0	NA
NR_003287.4_RNA28SN5_3840	28S	3840	0	NA
NR_003287.4_RNA28SN5_3844	28S	3844	1	66.0277623250459
NR_003287.4_RNA28SN5_3848	28S	3848	0	NA
NR_003287.4_RNA28SN5_3851	28S	3851	1	92.3135592015692
NR_003287.4_RNA28SN5_3853	28S	3853	1	100
NR_003287.4_RNA28SN5_3883	28S	3883	0	NA
NR_003287.4_RNA28SN5_3884	28S	3884	1	33
NR_003287.4_RNA28SN5_3892	28S	3892	0	NA
NR_003287.4_RNA28SN5_391	28S	391	0	NA
NR_003287.4_RNA28SN5_3912	28S	3912	0	NA
NR_003287.4_RNA28SN5_3914	28S	3914	0	NA
NR_003287.4_RNA28SN5_3915	28S	3915	0	NA
NR_003287.4_RNA28SN5_392	28S	392	0	NA
NR_003287.4_RNA28SN5_3920	28S	3920	1	100
NR_003287.4_RNA28SN5_3921	28S	3921	0	NA
NR_003287.4_RNA28SN5_3925	28S	3925	0	NA
NR_003287.4_RNA28SN5_3927	28S	3927	0	NA
NR_003287.4_RNA28SN5_393	28S	393	0	NA
NR_003287.4_RNA28SN5_3930	28S	3930	0	NA
NR_003287.4_RNA28SN5_3932	28S	3932	0	NA
NR_003287.4_RNA28SN5_3940	28S	3940	0	NA
NR_003287.4_RNA28SN5_3950	28S	3950	0	NA
NR_003287.4_RNA28SN5_3957	28S	3957	0	NA
NR_003287.4_RNA28SN5_3959	28S	3959	1	93
NR_003287.4_RNA28SN5_3964	28S	3964	0	NA
NR_003287.4_RNA28SN5_3968	28S	3968	0	NA
NR_003287.4_RNA28SN5_3993	28S	3993	0	NA
NR_003287.4_RNA28SN5_3995	28S	3995	0	NA
NR_003287.4_RNA28SN5_4020	28S	4020	0	NA
NR_003287.4_RNA28SN5_4031	28S	4031	0	NA
NR_003287.4_RNA28SN5_404	28S	404	0	NA
NR_003287.4_RNA28SN5_4044	28S	4044	0	NA
NR_003287.4_RNA28SN5_4049	28S	4049	0	NA
NR_003287.4_RNA28SN5_405	28S	405	0	NA
NR_003287.4_RNA28SN5_4055	28S	4055	0	NA
NR_003287.4_RNA28SN5_4058	28S	4058	0	NA
NR_003287.4_RNA28SN5_4060	28S	4060	0	NA
NR_003287.4_RNA28SN5_4063	28S	4063	0	NA
NR_003287.4_RNA28SN5_4066	28S	4066	0	NA
NR_003287.4_RNA28SN5_4067	28S	4067	0	NA
NR_003287.4_RNA28SN5_4068	28S	4068	0	NA
NR_003287.4_RNA28SN5_4069	28S	4069	0	NA
NR_003287.4_RNA28SN5_4070	28S	4070	0	NA
NR_003287.4_RNA28SN5_4071	28S	4071	0	NA
NR_003287.4_RNA28SN5_4075	28S	4075	0	NA
NR_003287.4_RNA28SN5_4083	28S	4083	0	NA
NR_003287.4_RNA28SN5_4111	28S	4111	0	NA
NR_003287.4_RNA28SN5_4113	28S	4113	0	NA
NR_003287.4_RNA28SN5_4117	28S	4117	0	NA
NR_003287.4_RNA28SN5_4118	28S	4118	0	NA
NR_003287.4_RNA28SN5_4120	28S	4120	0	NA
NR_003287.4_RNA28SN5_416	28S	416	0	NA
NR_003287.4_RNA28SN5_4163	28S	4163	0	NA
NR_003287.4_RNA28SN5_4174	28S	4174	0	NA
NR_003287.4_RNA28SN5_4181	28S	4181	0	NA
NR_003287.4_RNA28SN5_4188	28S	4188	0	NA
NR_003287.4_RNA28SN5_4189	28S	4189	0	NA
NR_003287.4_RNA28SN5_4190	28S	4190	0	NA
NR_003287.4_RNA28SN5_4194	28S	4194	0	NA
NR_003287.4_RNA28SN5_4202	28S	4202	0	NA
NR_003287.4_RNA28SN5_4208	28S	4208	0	NA
NR_003287.4_RNA28SN5_4210	28S	4210	0	NA
NR_003287.4_RNA28SN5_4218	28S	4218	0	NA
NR_003287.4_RNA28SN5_4227	28S	4227	0	NA
NR_003287.4_RNA28SN5_4229	28S	4229	0	NA
NR_003287.4_RNA28SN5_4232	28S	4232	0	NA
NR_003287.4_RNA28SN5_424	28S	424	0	NA
NR_003287.4_RNA28SN5_4242	28S	4242	0	NA
NR_003287.4_RNA28SN5_425	28S	425	0	NA
NR_003287.4_RNA28SN5_4260	28S	4260	0	NA
NR_003287.4_RNA28SN5_4265	28S	4265	0	NA
NR_003287.4_RNA28SN5_4285	28S	4285	0	NA
NR_003287.4_RNA28SN5_4289	28S	4289	0	NA
NR_003287.4_RNA28SN5_4290	28S	4290	0	NA
NR_003287.4_RNA28SN5_4293	28S	4293	1	97.9858
NR_003287.4_RNA28SN5_4295	28S	4295	0	NA
NR_003287.4_RNA28SN5_4296	28S	4296	1	89.5303
NR_003287.4_RNA28SN5_4299	28S	4299	1	92.655200908132
NR_003287.4_RNA28SN5_43	28S	43	0	NA
NR_003287.4_RNA28SN5_4300	28S	4300	0	NA
NR_003287.4_RNA28SN5_4301	28S	4301	0	NA
NR_003287.4_RNA28SN5_4302	28S	4302	0	NA
NR_003287.4_RNA28SN5_4306	28S	4306	0	NA
NR_003287.4_RNA28SN5_4312	28S	4312	1	82.589284641148
NR_003287.4_RNA28SN5_432	28S	432	0	NA
NR_003287.4_RNA28SN5_4321	28S	4321	0	NA
NR_003287.4_RNA28SN5_4334	28S	4334	0	NA
NR_003287.4_RNA28SN5_4340	28S	4340	0	NA
NR_003287.4_RNA28SN5_4343	28S	4343	0	NA
NR_003287.4_RNA28SN5_4344	28S	4344	0	NA
NR_003287.4_RNA28SN5_4346	28S	4346	0	NA
NR_003287.4_RNA28SN5_4351	28S	4351	0	NA
NR_003287.4_RNA28SN5_4352	28S	4352	0	NA
NR_003287.4_RNA28SN5_4353	28S	4353	1	95.20573027769
NR_003287.4_RNA28SN5_4354	28S	4354	0	NA
NR_003287.4_RNA28SN5_4358	28S	4358	0	NA
NR_003287.4_RNA28SN5_4359	28S	4359	0	NA
NR_003287.4_RNA28SN5_4360	28S	4360	0	NA
NR_003287.4_RNA28SN5_4361	28S	4361	1	92.6735907743592
NR_003287.4_RNA28SN5_4372	28S	4372	0	NA
NR_003287.4_RNA28SN5_4374	28S	4374	0	NA
NR_003287.4_RNA28SN5_4383	28S	4383	0	NA
NR_003287.4_RNA28SN5_4384	28S	4384	0	NA
NR_003287.4_RNA28SN5_4395	28S	4395	0	NA
NR_003287.4_RNA28SN5_4399	28S	4399	0	NA
NR_003287.4_RNA28SN5_440	28S	440	0	NA
NR_003287.4_RNA28SN5_4403	28S	4403	1	96
NR_003287.4_RNA28SN5_4404	28S	4404	0	NA
NR_003287.4_RNA28SN5_4406	28S	4406	0	NA
NR_003287.4_RNA28SN5_4419	28S	4419	0	NA
NR_003287.4_RNA28SN5_4420	28S	4420	1	98.5460236290322
NR_003287.4_RNA28SN5_4423	28S	4423	1	97.3822500201591
NR_003287.4_RNA28SN5_4431	28S	4431	1	89
NR_003287.4_RNA28SN5_4435	28S	4435	0	NA
NR_003287.4_RNA28SN5_4436	28S	4436	0	NA
NR_003287.4_RNA28SN5_4437	28S	4437	0	NA
NR_003287.4_RNA28SN5_4438	28S	4438	0	NA
NR_003287.4_RNA28SN5_4439	28S	4439	0	NA
NR_003287.4_RNA28SN5_4442	28S	4442	1	100
NR_003287.4_RNA28SN5_4445	28S	4445	0	NA
NR_003287.4_RNA28SN5_4446	28S	4446	0	NA
NR_003287.4_RNA28SN5_445	28S	445	0	NA
NR_003287.4_RNA28SN5_4450	28S	4450	0	NA
NR_003287.4_RNA28SN5_4452	28S	4452	0	NA
NR_003287.4_RNA28SN5_4457	28S	4457	1	98.1
NR_003287.4_RNA28SN5_4459	28S	4459	0	NA
NR_003287.4_RNA28SN5_4460	28S	4460	0	NA
NR_003287.4_RNA28SN5_4463	28S	4463	0	NA
NR_003287.4_RNA28SN5_4465	28S	4465	0	NA
NR_003287.4_RNA28SN5_4468	28S	4468	0	NA
NR_003287.4_RNA28SN5_4469	28S	4469	0	NA
NR_003287.4_RNA28SN5_4471	28S	4471	1	87
NR_003287.4_RNA28SN5_4481	28S	4481	0	NA
NR_003287.4_RNA28SN5_4482	28S	4482	0	NA
NR_003287.4_RNA28SN5_4492	28S	4492	0	NA
NR_003287.4_RNA28SN5_4493	28S	4493	1	16.8
NR_003287.4_RNA28SN5_4497	28S	4497	0	NA
NR_003287.4_RNA28SN5_4498	28S	4498	0	NA
NR_003287.4_RNA28SN5_45	28S	45	0	NA
NR_003287.4_RNA28SN5_4500	28S	4500	1	100
NR_003287.4_RNA28SN5_4501	28S	4501	0	NA
NR_003287.4_RNA28SN5_4509	28S	4509	0	NA
NR_003287.4_RNA28SN5_4512	28S	4512	0	NA
NR_003287.4_RNA28SN5_4521	28S	4521	1	91.4517491759661
NR_003287.4_RNA28SN5_4526	28S	4526	0	NA
NR_003287.4_RNA28SN5_4530	28S	4530	0	NA
NR_003287.4_RNA28SN5_4531	28S	4531	0	NA
NR_003287.4_RNA28SN5_4532	28S	4532	1	100
NR_003287.4_RNA28SN5_4539	28S	4539	0	NA
NR_003287.4_RNA28SN5_454	28S	454	0	NA
NR_003287.4_RNA28SN5_4542	28S	4542	0	NA
NR_003287.4_RNA28SN5_4551	28S	4551	0	NA
NR_003287.4_RNA28SN5_4552	28S	4552	1	98
NR_003287.4_RNA28SN5_4555	28S	4555	0	NA
NR_003287.4_RNA28SN5_4556	28S	4556	0	NA
NR_003287.4_RNA28SN5_4557	28S	4557	0	NA
NR_003287.4_RNA28SN5_4558	28S	4558	0	NA
NR_003287.4_RNA28SN5_4563	28S	4563	0	NA
NR_003287.4_RNA28SN5_4566	28S	4566	0	NA
NR_003287.4_RNA28SN5_4569	28S	4569	0	NA
NR_003287.4_RNA28SN5_4572	28S	4572	0	NA
NR_003287.4_RNA28SN5_4574	28S	4574	0	NA
NR_003287.4_RNA28SN5_4576	28S	4576	1	100
NR_003287.4_RNA28SN5_4577	28S	4577	0	NA
NR_003287.4_RNA28SN5_4579	28S	4579	1	100
NR_003287.4_RNA28SN5_4580	28S	4580	0	NA
NR_003287.4_RNA28SN5_4585	28S	4585	0	NA
NR_003287.4_RNA28SN5_4588	28S	4588	0	NA
NR_003287.4_RNA28SN5_4591	28S	4591	0	NA
NR_003287.4_RNA28SN5_4594	28S	4594	0	NA
NR_003287.4_RNA28SN5_4597	28S	4597	0	NA
NR_003287.4_RNA28SN5_46	28S	46	0	NA
NR_003287.4_RNA28SN5_4601	28S	4601	0	NA
NR_003287.4_RNA28SN5_4619	28S	4619	0	NA
NR_003287.4_RNA28SN5_4620	28S	4620	0	NA
NR_003287.4_RNA28SN5_4627	28S	4627	0	NA
NR_003287.4_RNA28SN5_4628	28S	4628	1	91.7795635851034
NR_003287.4_RNA28SN5_4629	28S	4629	0	NA
NR_003287.4_RNA28SN5_4632	28S	4632	0	NA
NR_003287.4_RNA28SN5_4634	28S	4634	0	NA
NR_003287.4_RNA28SN5_4636	28S	4636	1	41.7126883790963
NR_003287.4_RNA28SN5_4638	28S	4638	0	NA
NR_003287.4_RNA28SN5_4641	28S	4641	0	NA
NR_003287.4_RNA28SN5_4642	28S	4642	0	NA
NR_003287.4_RNA28SN5_4646	28S	4646	0	NA
NR_003287.4_RNA28SN5_4657	28S	4657	0	NA
NR_003287.4_RNA28SN5_4668	28S	4668	0	NA
NR_003287.4_RNA28SN5_467	28S	467	0	NA
NR_003287.4_RNA28SN5_4673	28S	4673	1	38.6317050272752
NR_003287.4_RNA28SN5_4675	28S	4675	0	NA
NR_003287.4_RNA28SN5_4677	28S	4677	0	NA
NR_003287.4_RNA28SN5_468	28S	468	0	NA
NR_003287.4_RNA28SN5_4682	28S	4682	0	NA
NR_003287.4_RNA28SN5_4683	28S	4683	0	NA
NR_003287.4_RNA28SN5_4685	28S	4685	0	NA
NR_003287.4_RNA28SN5_4689	28S	4689	1	87.1031333500268
NR_003287.4_RNA28SN5_4697	28S	4697	0	NA
NR_003287.4_RNA28SN5_4699	28S	4699	0	NA
NR_003287.4_RNA28SN5_4703	28S	4703	0	NA
NR_003287.4_RNA28SN5_4709	28S	4709	0	NA
NR_003287.4_RNA28SN5_4728	28S	4728	0	NA
NR_003287.4_RNA28SN5_4748	28S	4748	0	NA
NR_003287.4_RNA28SN5_4752	28S	4752	0	NA
NR_003287.4_RNA28SN5_4753	28S	4753	0	NA
NR_003287.4_RNA28SN5_4758	28S	4758	0	NA
NR_003287.4_RNA28SN5_4763	28S	4763	0	NA
NR_003287.4_RNA28SN5_4770	28S	4770	0	NA
NR_003287.4_RNA28SN5_4779	28S	4779	0	NA
NR_003287.4_RNA28SN5_4781	28S	4781	0	NA
NR_003287.4_RNA28SN5_4807	28S	4807	0	NA
NR_003287.4_RNA28SN5_4838	28S	4838	0	NA
NR_003287.4_RNA28SN5_484	28S	484	0	NA
NR_003287.4_RNA28SN5_4864	28S	4864	0	NA
NR_003287.4_RNA28SN5_4869	28S	4869	0	NA
NR_003287.4_RNA28SN5_4876	28S	4876	0	NA
NR_003287.4_RNA28SN5_4881	28S	4881	0	NA
NR_003287.4_RNA28SN5_4882	28S	4882	0	NA
NR_003287.4_RNA28SN5_4885	28S	4885	0	NA
NR_003287.4_RNA28SN5_4888	28S	4888	0	NA
NR_003287.4_RNA28SN5_49	28S	49	0	NA
NR_003287.4_RNA28SN5_492	28S	492	0	NA
NR_003287.4_RNA28SN5_4925	28S	4925	0	NA
NR_003287.4_RNA28SN5_4932	28S	4932	0	NA
NR_003287.4_RNA28SN5_494	28S	494	0	NA
NR_003287.4_RNA28SN5_4946	28S	4946	0	NA
NR_003287.4_RNA28SN5_4947	28S	4947	0	NA
NR_003287.4_RNA28SN5_4950	28S	4950	0	NA
NR_003287.4_RNA28SN5_4959	28S	4959	0	NA
NR_003287.4_RNA28SN5_4965	28S	4965	0	NA
NR_003287.4_RNA28SN5_4972	28S	4972	1	81.1536116271062
NR_003287.4_RNA28SN5_4973	28S	4973	0	NA
NR_003287.4_RNA28SN5_4976	28S	4976	0	NA
NR_003287.4_RNA28SN5_4985	28S	4985	0	NA
NR_003287.4_RNA28SN5_4988	28S	4988	0	NA
NR_003287.4_RNA28SN5_4989	28S	4989	0	NA
NR_003287.4_RNA28SN5_4991	28S	4991	0	NA
NR_003287.4_RNA28SN5_4995	28S	4995	0	NA
NR_003287.4_RNA28SN5_5001	28S	5001	1	86.1168053240323
NR_003287.4_RNA28SN5_5002	28S	5002	0	NA
NR_003287.4_RNA28SN5_5003	28S	5003	0	NA
NR_003287.4_RNA28SN5_5006	28S	5006	0	NA
NR_003287.4_RNA28SN5_5010	28S	5010	1	72
NR_003287.4_RNA28SN5_5022	28S	5022	0	NA
NR_003287.4_RNA28SN5_5026	28S	5026	0	NA
NR_003287.4_RNA28SN5_5030	28S	5030	0	NA
NR_003287.4_RNA28SN5_5035	28S	5035	0	NA
NR_003287.4_RNA28SN5_5037	28S	5037	0	NA
NR_003287.4_RNA28SN5_5039	28S	5039	0	NA
NR_003287.4_RNA28SN5_5040	28S	5040	0	NA
NR_003287.4_RNA28SN5_5046	28S	5046	0	NA
NR_003287.4_RNA28SN5_5053	28S	5053	0	NA
NR_003287.4_RNA28SN5_5065	28S	5065	0	NA
NR_003287.4_RNA28SN5_5066	28S	5066	0	NA
NR_003287.4_RNA28SN5_5067	28S	5067	0	NA
NR_003287.4_RNA28SN5_5069	28S	5069	0	NA
NR_003287.4_RNA28SN5_510	28S	510	0	NA
NR_003287.4_RNA28SN5_512	28S	512	0	NA
NR_003287.4_RNA28SN5_513	28S	513	0	NA
NR_003287.4_RNA28SN5_514	28S	514	0	NA
NR_003287.4_RNA28SN5_526	28S	526	0	NA
NR_003287.4_RNA28SN5_527	28S	527	0	NA
NR_003287.4_RNA28SN5_530	28S	530	0	NA
NR_003287.4_RNA28SN5_540	28S	540	0	NA
NR_003287.4_RNA28SN5_551	28S	551	0	NA
NR_003287.4_RNA28SN5_555	28S	555	0	NA
NR_003287.4_RNA28SN5_556	28S	556	0	NA
NR_003287.4_RNA28SN5_570	28S	570	0	NA
NR_003287.4_RNA28SN5_573	28S	573	0	NA
NR_003287.4_RNA28SN5_576	28S	576	0	NA
NR_003287.4_RNA28SN5_579	28S	579	0	NA
NR_003287.4_RNA28SN5_68	28S	68	0	NA
NR_003287.4_RNA28SN5_687	28S	687	0	NA
NR_003287.4_RNA28SN5_688	28S	688	0	NA
NR_003287.4_RNA28SN5_689	28S	689	0	NA
NR_003287.4_RNA28SN5_702	28S	702	0	NA
NR_003287.4_RNA28SN5_717	28S	717	0	NA
NR_003287.4_RNA28SN5_728	28S	728	0	NA
NR_003287.4_RNA28SN5_750	28S	750	0	NA
NR_003287.4_RNA28SN5_754	28S	754	0	NA
NR_003287.4_RNA28SN5_767	28S	767	0	NA
NR_003287.4_RNA28SN5_77	28S	77	0	NA
NR_003287.4_RNA28SN5_771	28S	771	0	NA
NR_003287.4_RNA28SN5_775	28S	775	0	NA
NR_003287.4_RNA28SN5_779	28S	779	0	NA
NR_003287.4_RNA28SN5_78	28S	78	0	NA
NR_003287.4_RNA28SN5_783	28S	783	0	NA
NR_003287.4_RNA28SN5_786	28S	786	0	NA
NR_003287.4_RNA28SN5_789	28S	789	0	NA
NR_003287.4_RNA28SN5_792	28S	792	0	NA
NR_003287.4_RNA28SN5_799	28S	799	0	NA
NR_003287.4_RNA28SN5_8	28S	8	0	NA
NR_003287.4_RNA28SN5_801	28S	801	0	NA
NR_003287.4_RNA28SN5_82	28S	82	0	NA
NR_003287.4_RNA28SN5_820	28S	820	0	NA
NR_003287.4_RNA28SN5_827	28S	827	0	NA
NR_003287.4_RNA28SN5_844	28S	844	0	NA
NR_003287.4_RNA28SN5_86	28S	86	0	NA
NR_003287.4_RNA28SN5_868	28S	868	0	NA
NR_003287.4_RNA28SN5_911	28S	911	0	NA
NR_003287.4_RNA28SN5_913	28S	913	0	NA
NR_003287.4_RNA28SN5_914	28S	914	0	NA
NR_003287.4_RNA28SN5_937	28S	937	0	NA
NR_003287.4_RNA28SN5_945	28S	945	0	NA
NR_003287.4_RNA28SN5_96	28S	96	0	NA
NR_003287.4_RNA28SN5_971	28S	971	0	NA
NR_003287.4_RNA28SN5_980	28S	980	0	NA
NR_003287.4_RNA28SN5_982	28S	982	0	NA
NR_003287.4_RNA28SN5_989	28S	989	0	NA
