pos	motif	type	treated_fixed_count	treated_depth	control_fixed_count	control_depth
NR_003285.3_RNA5_8SN5_100	NNUNN	Psi	3197	3209	2926	2927
NR_003285.3_RNA5_8SN5_110	NNUNN	Psi	3744	3782	3128	3130
NR_003285.3_RNA5_8SN5_111	NNUNN	Psi	3557	3592	2941	2941
NR_003285.3_RNA5_8SN5_123	NNUNN	Psi	3565	3583	2658	2659
NR_003285.3_RNA5_8SN5_124	NNUNN	Psi	3414	3602	2627	2627
NR_003285.3_RNA5_8SN5_127	NNUNN	Psi	3519	3532	2605	2605
NR_003285.3_RNA5_8SN5_136	NNUNN	Psi	3823	3824	2531	2531
NR_003285.3_RNA5_8SN5_14	NNUNN	Psi	756	766	1311	1311
NR_003285.3_RNA5_8SN5_142	NNUNN	Psi	3180	3209	2207	2209
NR_003285.3_RNA5_8SN5_144	NNUNN	Psi	3088	3139	2158	2159
NR_003285.3_RNA5_8SN5_146	NNUNN	Psi	3094	3129	2104	2104
NR_003285.3_RNA5_8SN5_152	NNUNN	Psi	2810	2812	1934	1934
NR_003285.3_RNA5_8SN5_156	NNUNN	Psi	2536	2536	1767	1767
NR_003285.3_RNA5_8SN5_157	NNUNN	Psi	430	430	359	359
NR_003285.3_RNA5_8SN5_18	NNUNN	Psi	886	891	1411	1411
NR_003285.3_RNA5_8SN5_22	NNUNN	Psi	919	929	1496	1496
NR_003285.3_RNA5_8SN5_27	NNUNN	Psi	950	956	1530	1530
NR_003285.3_RNA5_8SN5_30	NNUNN	Psi	884	889	1361	1364
NR_003285.3_RNA5_8SN5_34	NNUNN	Psi	944	946	1434	1434
NR_003285.3_RNA5_8SN5_38	NNUNN	Psi	882	896	1332	1332
NR_003285.3_RNA5_8SN5_5	NNUNN	Psi	504	509	1023	1023
NR_003285.3_RNA5_8SN5_51	NNUNN	Psi	1911	1924	3231	3232
NR_003285.3_RNA5_8SN5_55	NNUNN	Psi	653	1937	3585	3586
NR_003285.3_RNA5_8SN5_63	NNUNN	Psi	2319	2327	3876	3878
NR_003285.3_RNA5_8SN5_64	NNUNN	Psi	2339	2345	4067	4071
NR_003285.3_RNA5_8SN5_67	NNUNN	Psi	2495	2497	4142	4142
NR_003285.3_RNA5_8SN5_69	NNUNN	Psi	321	2213	3827	3830
NR_003285.3_RNA5_8SN5_7	NNUNN	Psi	586	588	1143	1143
NR_003285.3_RNA5_8SN5_73	NNUNN	Psi	2683	2716	3790	3791
NR_003285.3_RNA5_8SN5_74	NNUNN	Psi	2635	2672	3749	3751
NR_003285.3_RNA5_8SN5_8	NNUNN	Psi	622	622	1178	1179
NR_003285.3_RNA5_8SN5_85	NNUNN	Psi	2910	2917	3310	3311
NR_003285.3_RNA5_8SN5_86	NNUNN	Psi	2907	2913	3320	3321
NR_003285.3_RNA5_8SN5_89	NNUNN	Psi	3074	3089	3381	3381
NR_003285.3_RNA5_8SN5_92	NNUNN	Psi	3257	3272	3463	3466
NR_003285.3_RNA5_8SN5_99	NNUNN	Psi	3217	3260	3147	3149
NR_003286.4_RNA18SN5_1	NNUNN	Psi	373	373	917	917
NR_003286.4_RNA18SN5_100	NNUNN	Psi	1961	1962	4786	4786
NR_003286.4_RNA18SN5_1002	NNUNN	Psi	1586	1590	3396	3396
NR_003286.4_RNA18SN5_1003	NNUNN	Psi	1589	1594	3424	3425
NR_003286.4_RNA18SN5_1004	NNUNN	Psi	271	1565	3079	3403
NR_003286.4_RNA18SN5_101	NNUNN	Psi	1989	1989	4845	4845
NR_003286.4_RNA18SN5_1013	NNUNN	Psi	1817	1822	3689	3689
NR_003286.4_RNA18SN5_1015	NNUNN	Psi	1766	1767	3672	3672
NR_003286.4_RNA18SN5_1016	NNUNN	Psi	1789	1790	3682	3682
NR_003286.4_RNA18SN5_1017	NNUNN	Psi	1790	1794	3648	3648
NR_003286.4_RNA18SN5_1018	NNUNN	Psi	1820	1821	3658	3658
NR_003286.4_RNA18SN5_1021	NNUNN	Psi	1910	1914	3662	3662
NR_003286.4_RNA18SN5_1022	NNUNN	Psi	1889	1892	3712	3712
NR_003286.4_RNA18SN5_1025	NNUNN	Psi	1948	1950	3829	3830
NR_003286.4_RNA18SN5_1038	NNUNN	Psi	1399	1417	3144	3146
NR_003286.4_RNA18SN5_1045	NNUNN	Psi	236	1106	2910	2911
NR_003286.4_RNA18SN5_1046	NNUNN	Psi	472	1334	3567	3567
NR_003286.4_RNA18SN5_105	NNUNN	Psi	273	1965	5087	5089
NR_003286.4_RNA18SN5_1056	NNUNN	Psi	322	2015	4126	4126
NR_003286.4_RNA18SN5_1061	NNUNN	Psi	2665	2678	4383	4387
NR_003286.4_RNA18SN5_1066	NNUNN	Psi	10383	10413	23236	23240
NR_003286.4_RNA18SN5_1069	NNUNN	Psi	11503	11507	28623	28625
NR_003286.4_RNA18SN5_1072	NNUNN	Psi	11782	11812	29679	29684
NR_003286.4_RNA18SN5_1073	NNUNN	Psi	11712	11868	29328	29646
NR_003286.4_RNA18SN5_1081	NNUNN	Psi	2644	11891	29692	29696
NR_003286.4_RNA18SN5_1088	NNUNN	Psi	10956	10961	22785	22787
NR_003286.4_RNA18SN5_109	NNUNN	Psi	447	1975	5135	5136
NR_003286.4_RNA18SN5_110	NNUNN	Psi	2064	2066	5076	5078
NR_003286.4_RNA18SN5_1101	NNUNN	Psi	1912	1924	2560	2560
NR_003286.4_RNA18SN5_1111	NNUNN	Psi	1895	1896	2250	2250
NR_003286.4_RNA18SN5_1112	NNUNN	Psi	1877	1884	2203	2203
NR_003286.4_RNA18SN5_1114	NNUNN	Psi	1917	1928	2156	2156
NR_003286.4_RNA18SN5_1115	NNUNN	Psi	1858	1933	2091	2091
NR_003286.4_RNA18SN5_112	NNUNN	Psi	2059	2059	5034	5035
NR_003286.4_RNA18SN5_1120	NNUNN	Psi	1613	1621	1689	1692
NR_003286.4_RNA18SN5_1136	NNUNN	Psi	1590	1695	2297	2299
NR_003286.4_RNA18SN5_1137	NNUNN	Psi	1669	1686	2283	2286
NR_003286.4_RNA18SN5_115	NNUNN	Psi	2123	2131	5013	5014
NR_003286.4_RNA18SN5_1152	NNUNN	Psi	2554	2574	4763	4767
NR_003286.4_RNA18SN5_1154	NNUNN	Psi	2511	2519	4834	4835
NR_003286.4_RNA18SN5_1155	NNUNN	Psi	2503	2511	4888	4889
NR_003286.4_RNA18SN5_1156	NNUNN	Psi	2436	2438	4878	4878
NR_003286.4_RNA18SN5_116	NNUNN	Psi	2107	2153	4929	4937
NR_003286.4_RNA18SN5_1160	NNUNN	Psi	2422	2432	4839	4841
NR_003286.4_RNA18SN5_1161	NNUNN	Psi	2402	2419	4785	4785
NR_003286.4_RNA18SN5_1172	NNUNN	Psi	1318	1323	2575	2575
NR_003286.4_RNA18SN5_1174	NNUNN	Psi	510	1085	2317	2319
NR_003286.4_RNA18SN5_1177	NNUNN	Psi	548	1043	2087	2090
NR_003286.4_RNA18SN5_1178	NNUNN	Psi	690	1044	1133	1979
NR_003286.4_RNA18SN5_1186	NNUNN	Psi	993	1002	1918	1919
NR_003286.4_RNA18SN5_119	NNUNN	Psi	356	2144	4915	4924
NR_003286.4_RNA18SN5_1192	NNUNN	Psi	1116	1126	2244	2244
NR_003286.4_RNA18SN5_1193	NNUNN	Psi	1048	1052	2153	2155
NR_003286.4_RNA18SN5_12	NNUNN	Psi	976	1003	2000	2001
NR_003286.4_RNA18SN5_120	NNUNN	Psi	2215	2221	4940	4941
NR_003286.4_RNA18SN5_1201	NNUNN	Psi	1407	1413	3040	3040
NR_003286.4_RNA18SN5_1202	NNUNN	Psi	1422	1426	3130	3130
NR_003286.4_RNA18SN5_121	NNUNN	Psi	2216	2219	4921	4925
NR_003286.4_RNA18SN5_1225	NNUNN	Psi	2957	2960	14106	14108
NR_003286.4_RNA18SN5_1232	NNUNN	Psi	922	2657	14104	14108
NR_003286.4_RNA18SN5_1238	NNUNN	Psi	446	1933	10021	10025
NR_003286.4_RNA18SN5_1239	NNUNN	Psi	1940	1940	9420	9421
NR_003286.4_RNA18SN5_124	NNUNN	Psi	2381	2391	4775	4777
NR_003286.4_RNA18SN5_1242	NNUNN	Psi	1801	1803	7744	7747
NR_003286.4_RNA18SN5_1243	NNUNN	Psi	1661	1662	7083	7084
NR_003286.4_RNA18SN5_1244	NNUNN	Psi	221	1096	5137	5140
NR_003286.4_RNA18SN5_1248	NNUNN	Psi	324	929	691	4043
NR_003286.4_RNA18SN5_1263	NNUNN	Psi	1414	1422	2515	2515
NR_003286.4_RNA18SN5_128	NNUNN	Psi	2302	2320	4496	4496
NR_003286.4_RNA18SN5_1288	NNUNN	Psi	1101	1105	2056	2056
NR_003286.4_RNA18SN5_1289	NNUNN	Psi	1121	1138	2102	2104
NR_003286.4_RNA18SN5_1296	NNUNN	Psi	1329	1333	2877	2878
NR_003286.4_RNA18SN5_1297	NNUNN	Psi	1372	1375	2978	2979
NR_003286.4_RNA18SN5_1300	NNUNN	Psi	1254	1258	2328	2328
NR_003286.4_RNA18SN5_1304	NNUNN	Psi	1590	1596	3492	3494
NR_003286.4_RNA18SN5_1306	NNUNN	Psi	1662	1668	3726	3731
NR_003286.4_RNA18SN5_1307	NNUNN	Psi	1690	1724	3782	3783
NR_003286.4_RNA18SN5_1308	NNUNN	Psi	1743	1746	3799	3799
NR_003286.4_RNA18SN5_1310	NNUNN	Psi	1913	1932	4143	4145
NR_003286.4_RNA18SN5_1314	NNUNN	Psi	2161	2174	4621	4621
NR_003286.4_RNA18SN5_1315	NNUNN	Psi	2208	2225	4814	4816
NR_003286.4_RNA18SN5_1319	NNUNN	Psi	3900	3910	10266	10268
NR_003286.4_RNA18SN5_132	NNUNN	Psi	1567	1593	2488	2489
NR_003286.4_RNA18SN5_1323	NNUNN	Psi	9903	9906	22764	22766
NR_003286.4_RNA18SN5_1326	NNUNN	Psi	10046	10057	23124	23124
NR_003286.4_RNA18SN5_1329	NNUNN	Psi	10213	10214	23285	23287
NR_003286.4_RNA18SN5_1333	NNUNN	Psi	10137	10141	23261	23261
NR_003286.4_RNA18SN5_1339	NNUNN	Psi	9981	9981	22873	22876
NR_003286.4_RNA18SN5_1340	NNUNN	Psi	9586	9594	21650	21652
NR_003286.4_RNA18SN5_1342	NNUNN	Psi	9410	9418	21040	21042
NR_003286.4_RNA18SN5_1343	NNUNN	Psi	4523	4525	12951	12958
NR_003286.4_RNA18SN5_1346	NNUNN	Psi	1921	1924	5767	5773
NR_003286.4_RNA18SN5_1347	NNUNN	Psi	289	1372	4121	4125
NR_003286.4_RNA18SN5_135	NNUNN	Psi	1572	1576	2331	2332
NR_003286.4_RNA18SN5_1350	NNUNN	Psi	1496	1497	3784	3786
NR_003286.4_RNA18SN5_1358	NNUNN	Psi	1342	1345	3563	3564
NR_003286.4_RNA18SN5_1359	NNUNN	Psi	1344	1353	3587	3587
NR_003286.4_RNA18SN5_1360	NNUNN	Psi	1357	1359	3562	3564
NR_003286.4_RNA18SN5_1362	NNUNN	Psi	1473	1487	3653	3653
NR_003286.4_RNA18SN5_1364	NNUNN	Psi	1448	1450	3523	3523
NR_003286.4_RNA18SN5_1367	NNUNN	Psi	341	1427	3431	3433
NR_003286.4_RNA18SN5_1368	NNUNN	Psi	1574	1575	3425	3425
NR_003286.4_RNA18SN5_137	NNUNN	Psi	1547	1559	2287	2287
NR_003286.4_RNA18SN5_1371	NNUNN	Psi	1642	1646	3474	3474
NR_003286.4_RNA18SN5_1372	NNUNN	Psi	1665	1677	3441	3442
NR_003286.4_RNA18SN5_1377	NNUNN	Psi	1704	1706	3281	3281
NR_003286.4_RNA18SN5_1390	NNUNN	Psi	1860	1871	2943	2990
NR_003286.4_RNA18SN5_1392	NNUNN	Psi	1854	1855	2980	2980
NR_003286.4_RNA18SN5_1397	NNUNN	Psi	1821	1828	2654	2655
NR_003286.4_RNA18SN5_140	NNUNN	Psi	1692	1694	2461	2462
NR_003286.4_RNA18SN5_1400	NNUNN	Psi	1966	1971	2871	2872
NR_003286.4_RNA18SN5_1404	NNUNN	Psi	2135	2143	3077	3078
NR_003286.4_RNA18SN5_1407	NNUNN	Psi	2287	2305	3099	3099
NR_003286.4_RNA18SN5_1408	NNUNN	Psi	2350	2359	3095	3095
NR_003286.4_RNA18SN5_1426	NNUNN	Psi	6980	6989	7895	7896
NR_003286.4_RNA18SN5_143	NNUNN	Psi	1600	1611	2417	2419
NR_003286.4_RNA18SN5_1432	NNUNN	Psi	6980	7035	7781	7787
NR_003286.4_RNA18SN5_144	NNUNN	Psi	1491	1495	2537	2539
NR_003286.4_RNA18SN5_1441	NNUNN	Psi	6674	6689	7453	7456
NR_003286.4_RNA18SN5_1442	NNUNN	Psi	6607	6625	7362	7367
NR_003286.4_RNA18SN5_1444	NNUNN	Psi	6482	6511	7254	7268
NR_003286.4_RNA18SN5_1445	NNUNN	Psi	1035	5759	7054	7057
NR_003286.4_RNA18SN5_1457	NNUNN	Psi	1596	1606	1573	1576
NR_003286.4_RNA18SN5_1462	NNUNN	Psi	1702	1703	1596	1596
NR_003286.4_RNA18SN5_1463	NNUNN	Psi	1701	1705	1575	1575
NR_003286.4_RNA18SN5_1477	NNUNN	Psi	1485	1493	1973	1974
NR_003286.4_RNA18SN5_1478	NNUNN	Psi	1502	1512	2021	2021
NR_003286.4_RNA18SN5_148	NNUNN	Psi	1603	1605	2685	2685
NR_003286.4_RNA18SN5_1485	NNUNN	Psi	2053	2056	2907	2907
NR_003286.4_RNA18SN5_1492	NNUNN	Psi	2573	2575	3457	3460
NR_003286.4_RNA18SN5_1494	NNUNN	Psi	2614	2626	3529	3529
NR_003286.4_RNA18SN5_1496	NNUNN	Psi	2714	2722	3664	3665
NR_003286.4_RNA18SN5_1499	NNUNN	Psi	2894	2909	3742	3744
NR_003286.4_RNA18SN5_15	NNUNN	Psi	1446	1449	2984	2984
NR_003286.4_RNA18SN5_1504	NNUNN	Psi	2910	2922	3951	3953
NR_003286.4_RNA18SN5_1505	NNUNN	Psi	2932	2937	3990	3993
NR_003286.4_RNA18SN5_1509	NNUNN	Psi	2948	2957	3940	3942
NR_003286.4_RNA18SN5_1511	NNUNN	Psi	2892	2928	3747	3750
NR_003286.4_RNA18SN5_1519	NNUNN	Psi	2190	2589	2589	3388
NR_003286.4_RNA18SN5_152	NNUNN	Psi	1386	1546	2454	2928
NR_003286.4_RNA18SN5_1530	NNUNN	Psi	1739	1749	2179	2180
NR_003286.4_RNA18SN5_1535	NNUNN	Psi	1643	1666	2018	2019
NR_003286.4_RNA18SN5_1539	NNUNN	Psi	1386	1401	1559	1559
NR_003286.4_RNA18SN5_154	NNUNN	Psi	1413	1415	2861	2861
NR_003286.4_RNA18SN5_1543	NNUNN	Psi	1471	1491	1591	1591
NR_003286.4_RNA18SN5_1549	NNUNN	Psi	1319	1328	1407	1408
NR_003286.4_RNA18SN5_1551	NNUNN	Psi	1390	1394	1407	1407
NR_003286.4_RNA18SN5_1555	NNUNN	Psi	1396	1399	1376	1376
NR_003286.4_RNA18SN5_1560	NNUNN	Psi	1350	1352	1361	1361
NR_003286.4_RNA18SN5_157	NNUNN	Psi	1412	1414	2832	2833
NR_003286.4_RNA18SN5_1578	NNUNN	Psi	2048	2054	2382	2382
NR_003286.4_RNA18SN5_1585	NNUNN	Psi	4951	4962	8012	8012
NR_003286.4_RNA18SN5_1586	NNUNN	Psi	5276	5299	8203	8205
NR_003286.4_RNA18SN5_1595	NNUNN	Psi	7422	7432	9677	9679
NR_003286.4_RNA18SN5_1596	NNUNN	Psi	7545	7568	9848	9851
NR_003286.4_RNA18SN5_1599	NNUNN	Psi	7698	7741	9963	9964
NR_003286.4_RNA18SN5_160	NNUNN	Psi	1518	1519	2920	2920
NR_003286.4_RNA18SN5_1602	NNUNN	Psi	7607	7617	10036	10036
NR_003286.4_RNA18SN5_1608	NNUNN	Psi	8512	8555	10492	10496
NR_003286.4_RNA18SN5_161	NNUNN	Psi	1571	1575	2923	2924
NR_003286.4_RNA18SN5_1615	NNUNN	Psi	8441	8494	10437	10440
NR_003286.4_RNA18SN5_1616	NNUNN	Psi	8356	8394	10394	10395
NR_003286.4_RNA18SN5_1621	NNUNN	Psi	7578	7591	9703	9704
NR_003286.4_RNA18SN5_1622	NNUNN	Psi	7405	7426	9481	9483
NR_003286.4_RNA18SN5_1624	NNUNN	Psi	6961	7009	9183	9186
NR_003286.4_RNA18SN5_1625	NNUNN	Psi	1508	6970	9123	9128
NR_003286.4_RNA18SN5_163	NNUNN	Psi	1612	1622	3010	3010
NR_003286.4_RNA18SN5_1631	NNUNN	Psi	6559	6584	8261	8264
NR_003286.4_RNA18SN5_1642	NNUNN	Psi	664	667	1697	1700
NR_003286.4_RNA18SN5_1643	NNUNN	Psi	103	662	1576	1578
NR_003286.4_RNA18SN5_1649	NNUNN	Psi	879	882	1785	1786
NR_003286.4_RNA18SN5_1653	NNUNN	Psi	835	886	1588	1768
NR_003286.4_RNA18SN5_1659	NNUNN	Psi	1014	1015	1745	1745
NR_003286.4_RNA18SN5_1662	NNUNN	Psi	1064	1065	1775	1775
NR_003286.4_RNA18SN5_1667	NNUNN	Psi	1368	1386	2275	2275
NR_003286.4_RNA18SN5_1668	NNUNN	Psi	1638	1649	2867	2876
NR_003286.4_RNA18SN5_1672	NNUNN	Psi	2153	2154	3558	3558
NR_003286.4_RNA18SN5_1673	NNUNN	Psi	2624	2629	4832	4833
NR_003286.4_RNA18SN5_1676	NNUNN	Psi	3300	3309	5753	5755
NR_003286.4_RNA18SN5_1677	NNUNN	Psi	3284	3436	5922	5924
NR_003286.4_RNA18SN5_1681	NNUNN	Psi	4182	4354	7341	7345
NR_003286.4_RNA18SN5_1685	NNUNN	Psi	7337	7366	13509	13511
NR_003286.4_RNA18SN5_169	NNUNN	Psi	1589	1592	2891	2891
NR_003286.4_RNA18SN5_1690	NNUNN	Psi	7507	7543	14060	14074
NR_003286.4_RNA18SN5_1691	NNUNN	Psi	7483	7490	14111	14112
NR_003286.4_RNA18SN5_1692	NNUNN	Psi	1489	7476	14128	14150
NR_003286.4_RNA18SN5_1694	NNUNN	Psi	7942	7963	14213	14216
NR_003286.4_RNA18SN5_1707	NNUNN	Psi	6726	6765	10379	10382
NR_003286.4_RNA18SN5_1711	NNUNN	Psi	3113	3122	4290	4291
NR_003286.4_RNA18SN5_1714	NNUNN	Psi	2634	2647	3763	3765
NR_003286.4_RNA18SN5_172	NNUNN	Psi	2431	2439	3767	3773
NR_003286.4_RNA18SN5_1720	NNUNN	Psi	1943	1957	3050	3050
NR_003286.4_RNA18SN5_1721	NNUNN	Psi	1889	1898	3004	3004
NR_003286.4_RNA18SN5_1725	NNUNN	Psi	1741	1743	2802	2803
NR_003286.4_RNA18SN5_1728	NNUNN	Psi	1470	1704	2083	2682
NR_003286.4_RNA18SN5_1729	NNUNN	Psi	1730	1738	2726	2726
NR_003286.4_RNA18SN5_1730	NNUNN	Psi	1553	1777	2147	2731
NR_003286.4_RNA18SN5_1733	NNUNN	Psi	2262	2269	3083	3084
NR_003286.4_RNA18SN5_1741	NNUNN	Psi	3261	3284	3395	3397
NR_003286.4_RNA18SN5_1746	NNUNN	Psi	6389	6484	5104	5253
NR_003286.4_RNA18SN5_176	NNUNN	Psi	2594	2603	3838	3838
NR_003286.4_RNA18SN5_1761	NNUNN	Psi	17603	17614	17130	17132
NR_003286.4_RNA18SN5_1775	NNUNN	Psi	16739	16775	16595	16598
NR_003286.4_RNA18SN5_1786	NNUNN	Psi	2237	2259	1872	1874
NR_003286.4_RNA18SN5_1797	NNUNN	Psi	1476	1478	1889	1889
NR_003286.4_RNA18SN5_1803	NNUNN	Psi	1298	1311	1944	1944
NR_003286.4_RNA18SN5_1804	NNUNN	Psi	1226	1242	1843	1897
NR_003286.4_RNA18SN5_1808	NNUNN	Psi	1159	1203	1698	1874
NR_003286.4_RNA18SN5_1810	NNUNN	Psi	1145	1148	2000	2000
NR_003286.4_RNA18SN5_1812	NNUNN	Psi	1153	1163	2175	2176
NR_003286.4_RNA18SN5_1821	NNUNN	Psi	845	845	1952	1956
NR_003286.4_RNA18SN5_1827	NNUNN	Psi	590	592	1805	1805
NR_003286.4_RNA18SN5_1830	NNUNN	Psi	568	571	1744	1744
NR_003286.4_RNA18SN5_1838	NNUNN	Psi	579	579	2002	2002
NR_003286.4_RNA18SN5_1839	NNUNN	Psi	362	557	1106	1901
NR_003286.4_RNA18SN5_1840	NNUNN	Psi	576	577	1937	1937
NR_003286.4_RNA18SN5_1844	NNUNN	Psi	638	639	1938	1939
NR_003286.4_RNA18SN5_1848	NNUNN	Psi	603	604	1765	1765
NR_003286.4_RNA18SN5_1854	NNUNN	Psi	530	536	1451	1451
NR_003286.4_RNA18SN5_1864	NNUNN	Psi	465	468	1209	1209
NR_003286.4_RNA18SN5_1867	NNUNN	Psi	445	445	1105	1105
NR_003286.4_RNA18SN5_1868	NNUNN	Psi	427	427	1094	1094
NR_003286.4_RNA18SN5_189	NNUNN	Psi	5873	5953	8000	8002
NR_003286.4_RNA18SN5_197	NNUNN	Psi	5913	5934	8089	8091
NR_003286.4_RNA18SN5_198	NNUNN	Psi	5891	5909	8075	8076
NR_003286.4_RNA18SN5_21	NNUNN	Psi	2019	2037	3937	3937
NR_003286.4_RNA18SN5_210	NNUNN	Psi	848	2237	5203	5204
NR_003286.4_RNA18SN5_214	NNUNN	Psi	1461	1464	1821	1827
NR_003286.4_RNA18SN5_218	NNUNN	Psi	243	1332	2216	2216
NR_003286.4_RNA18SN5_219	NNUNN	Psi	1495	1496	2238	2238
NR_003286.4_RNA18SN5_220	NNUNN	Psi	1599	1600	2243	2243
NR_003286.4_RNA18SN5_222	NNUNN	Psi	1788	1800	2369	2369
NR_003286.4_RNA18SN5_227	NNUNN	Psi	2363	2366	2853	2853
NR_003286.4_RNA18SN5_242	NNUNN	Psi	3555	3575	3097	3099
NR_003286.4_RNA18SN5_250	NNUNN	Psi	5770	5835	7252	7258
NR_003286.4_RNA18SN5_252	NNUNN	Psi	6068	6096	7632	7641
NR_003286.4_RNA18SN5_26	NNUNN	Psi	2524	2532	4540	4541
NR_003286.4_RNA18SN5_28	NNUNN	Psi	2736	2739	4791	4794
NR_003286.4_RNA18SN5_285	NNUNN	Psi	3310	3333	3171	3174
NR_003286.4_RNA18SN5_286	NNUNN	Psi	3217	3220	3077	3077
NR_003286.4_RNA18SN5_287	NNUNN	Psi	3109	3114	3046	3046
NR_003286.4_RNA18SN5_290	NNUNN	Psi	3165	3170	2960	2962
NR_003286.4_RNA18SN5_294	NNUNN	Psi	3030	3049	2879	2881
NR_003286.4_RNA18SN5_296	NNUNN	Psi	1136	1833	2040	2040
NR_003286.4_RNA18SN5_300	NNUNN	Psi	2199	2203	2066	2067
NR_003286.4_RNA18SN5_305	NNUNN	Psi	14682	14966	16267	16271
NR_003286.4_RNA18SN5_31	NNUNN	Psi	2839	2938	5066	5067
NR_003286.4_RNA18SN5_314	NNUNN	Psi	20723	20863	20967	20969
NR_003286.4_RNA18SN5_32	NNUNN	Psi	2901	2910	5117	5119
NR_003286.4_RNA18SN5_328	NNUNN	Psi	20577	20636	20972	20972
NR_003286.4_RNA18SN5_34	NNUNN	Psi	1183	3005	5236	5241
NR_003286.4_RNA18SN5_344	NNUNN	Psi	4153	4174	4016	4017
NR_003286.4_RNA18SN5_345	NNUNN	Psi	4286	4302	4113	4113
NR_003286.4_RNA18SN5_352	NNUNN	Psi	4698	4727	4493	4495
NR_003286.4_RNA18SN5_354	NNUNN	Psi	4613	4644	4510	4511
NR_003286.4_RNA18SN5_359	NNUNN	Psi	4718	4747	4589	4591
NR_003286.4_RNA18SN5_36	NNUNN	Psi	939	3055	4472	5265
NR_003286.4_RNA18SN5_361	NNUNN	Psi	4763	4782	4656	4656
NR_003286.4_RNA18SN5_366	NNUNN	Psi	4628	4638	4826	4827
NR_003286.4_RNA18SN5_367	NNUNN	Psi	4559	4565	4771	4772
NR_003286.4_RNA18SN5_368	NNUNN	Psi	4528	4558	4754	4754
NR_003286.4_RNA18SN5_372	NNUNN	Psi	4412	4426	4536	4536
NR_003286.4_RNA18SN5_375	NNUNN	Psi	4325	4332	4239	4242
NR_003286.4_RNA18SN5_378	NNUNN	Psi	4135	4157	3944	3945
NR_003286.4_RNA18SN5_384	NNUNN	Psi	3396	3411	3092	3093
NR_003286.4_RNA18SN5_388	NNUNN	Psi	3293	3307	3172	3173
NR_003286.4_RNA18SN5_393	NNUNN	Psi	2945	2955	3013	3014
NR_003286.4_RNA18SN5_396	NNUNN	Psi	2775	2780	2877	2877
NR_003286.4_RNA18SN5_406	NNUNN	Psi	477	2157	2969	2969
NR_003286.4_RNA18SN5_416	NNUNN	Psi	1298	1580	2620	2620
NR_003286.4_RNA18SN5_422	NNUNN	Psi	1858	1864	3278	3278
NR_003286.4_RNA18SN5_423	NNUNN	Psi	1903	1917	3341	3341
NR_003286.4_RNA18SN5_427	NNUNN	Psi	1842	2108	2937	3465
NR_003286.4_RNA18SN5_428	NNUNN	Psi	2149	2169	3539	3540
NR_003286.4_RNA18SN5_43	NNUNN	Psi	3467	3482	5242	5245
NR_003286.4_RNA18SN5_44	NNUNN	Psi	3418	3427	5256	5256
NR_003286.4_RNA18SN5_443	NNUNN	Psi	2426	2436	3134	3138
NR_003286.4_RNA18SN5_454	NNUNN	Psi	2776	2784	3174	3176
NR_003286.4_RNA18SN5_461	NNUNN	Psi	3031	3047	3491	3493
NR_003286.4_RNA18SN5_487	NNUNN	Psi	2461	2464	3136	3137
NR_003286.4_RNA18SN5_488	NNUNN	Psi	2451	2465	3103	3104
NR_003286.4_RNA18SN5_495	NNUNN	Psi	2062	2089	2866	2867
NR_003286.4_RNA18SN5_5	NNUNN	Psi	519	519	1453	1454
NR_003286.4_RNA18SN5_51	NNUNN	Psi	3339	3352	4981	4983
NR_003286.4_RNA18SN5_511	NNUNN	Psi	1494	1547	2939	2940
NR_003286.4_RNA18SN5_514	NNUNN	Psi	1480	1571	2907	2907
NR_003286.4_RNA18SN5_524	NNUNN	Psi	1712	1719	3251	3251
NR_003286.4_RNA18SN5_530	NNUNN	Psi	2728	2740	4563	4563
NR_003286.4_RNA18SN5_538	NNUNN	Psi	4440	4494	6512	6514
NR_003286.4_RNA18SN5_540	NNUNN	Psi	4588	4597	6941	6946
NR_003286.4_RNA18SN5_541	NNUNN	Psi	4694	4726	7059	7060
NR_003286.4_RNA18SN5_542	NNUNN	Psi	4719	4727	7056	7058
NR_003286.4_RNA18SN5_55	NNUNN	Psi	3209	3216	4776	4777
NR_003286.4_RNA18SN5_551	NNUNN	Psi	4874	4912	7050	7052
NR_003286.4_RNA18SN5_553	NNUNN	Psi	4910	4910	7114	7115
NR_003286.4_RNA18SN5_556	NNUNN	Psi	5068	5091	7264	7264
NR_003286.4_RNA18SN5_557	NNUNN	Psi	4913	4923	7256	7257
NR_003286.4_RNA18SN5_562	NNUNN	Psi	4821	4830	6975	6979
NR_003286.4_RNA18SN5_566	NNUNN	Psi	1791	1883	3364	3367
NR_003286.4_RNA18SN5_57	NNUNN	Psi	3214	3246	4786	4789
NR_003286.4_RNA18SN5_571	NNUNN	Psi	1891	1892	3468	3468
NR_003286.4_RNA18SN5_572	NNUNN	Psi	333	1831	3474	3476
NR_003286.4_RNA18SN5_573	NNUNN	Psi	1896	1896	3500	3500
NR_003286.4_RNA18SN5_577	NNUNN	Psi	2098	2112	3722	3722
NR_003286.4_RNA18SN5_580	NNUNN	Psi	1968	2122	3291	3851
NR_003286.4_RNA18SN5_581	NNUNN	Psi	2134	2142	3910	3911
NR_003286.4_RNA18SN5_582	NNUNN	Psi	2138	2140	3972	3973
NR_003286.4_RNA18SN5_59	NNUNN	Psi	3073	3077	4643	4643
NR_003286.4_RNA18SN5_591	NNUNN	Psi	2046	2053	3164	3164
NR_003286.4_RNA18SN5_595	NNUNN	Psi	2450	2452	4189	4189
NR_003286.4_RNA18SN5_596	NNUNN	Psi	2397	2413	4135	4135
NR_003286.4_RNA18SN5_607	NNUNN	Psi	2536	2544	3905	3908
NR_003286.4_RNA18SN5_609	NNUNN	Psi	1259	2445	3847	3847
NR_003286.4_RNA18SN5_612	NNUNN	Psi	2651	2663	3840	3843
NR_003286.4_RNA18SN5_627	NNUNN	Psi	2440	2444	3581	3581
NR_003286.4_RNA18SN5_63	NNUNN	Psi	2925	2948	4306	4309
NR_003286.4_RNA18SN5_630	NNUNN	Psi	1931	2550	3643	3643
NR_003286.4_RNA18SN5_631	NNUNN	Psi	2545	2587	3675	3676
NR_003286.4_RNA18SN5_637	NNUNN	Psi	2376	2404	3751	3755
NR_003286.4_RNA18SN5_642	NNUNN	Psi	2237	2243	3983	3984
NR_003286.4_RNA18SN5_647	NNUNN	Psi	2040	2040	4056	4056
NR_003286.4_RNA18SN5_649	NNUNN	Psi	613	1865	4144	4145
NR_003286.4_RNA18SN5_651	NNUNN	Psi	293	1810	4507	4509
NR_003286.4_RNA18SN5_652	NNUNN	Psi	1891	1891	4555	4555
NR_003286.4_RNA18SN5_657	NNUNN	Psi	1916	1927	4710	4711
NR_003286.4_RNA18SN5_658	NNUNN	Psi	1846	1848	4626	4626
NR_003286.4_RNA18SN5_661	NNUNN	Psi	1898	1923	4528	4529
NR_003286.4_RNA18SN5_666	NNUNN	Psi	1713	1718	4311	4313
NR_003286.4_RNA18SN5_667	NNUNN	Psi	1665	1668	4282	4282
NR_003286.4_RNA18SN5_675	NNUNN	Psi	1549	1563	3603	3605
NR_003286.4_RNA18SN5_678	NNUNN	Psi	1446	1450	3403	3404
NR_003286.4_RNA18SN5_681	NNUNN	Psi	520	1308	3307	3310
NR_003286.4_RNA18SN5_682	NNUNN	Psi	1357	1362	3284	3285
NR_003286.4_RNA18SN5_686	NNUNN	Psi	427	1570	3514	3978
NR_003286.4_RNA18SN5_688	NNUNN	Psi	9219	9251	20053	20085
NR_003286.4_RNA18SN5_689	NNUNN	Psi	13884	13889	26723	26730
NR_003286.4_RNA18SN5_706	NNUNN	Psi	79653	79968	91912	91943
NR_003286.4_RNA18SN5_732	NNUNN	Psi	117856	118726	84845	84954
NR_003286.4_RNA18SN5_742	NNUNN	Psi	67892	68258	53341	53441
NR_003286.4_RNA18SN5_743	NNUNN	Psi	58002	58326	44129	44306
NR_003286.4_RNA18SN5_747	NNUNN	Psi	30407	30624	23949	24041
NR_003286.4_RNA18SN5_749	NNUNN	Psi	19549	19860	15213	15426
NR_003286.4_RNA18SN5_76	NNUNN	Psi	1335	1335	2286	2286
NR_003286.4_RNA18SN5_760	NNUNN	Psi	5885	5948	4376	4387
NR_003286.4_RNA18SN5_764	NNUNN	Psi	4705	4751	3843	3843
NR_003286.4_RNA18SN5_767	NNUNN	Psi	4124	4160	3366	3367
NR_003286.4_RNA18SN5_769	NNUNN	Psi	3843	3853	3069	3071
NR_003286.4_RNA18SN5_770	NNUNN	Psi	3684	3693	2926	2927
NR_003286.4_RNA18SN5_774	NNUNN	Psi	3322	3362	2698	2700
NR_003286.4_RNA18SN5_778	NNUNN	Psi	2873	2880	2329	2329
NR_003286.4_RNA18SN5_780	NNUNN	Psi	2646	2701	2163	2163
NR_003286.4_RNA18SN5_799	NNUNN	Psi	1354	1354	6774	6776
NR_003286.4_RNA18SN5_8	NNUNN	Psi	687	691	1695	1695
NR_003286.4_RNA18SN5_800	NNUNN	Psi	1357	1357	6807	6810
NR_003286.4_RNA18SN5_801	NNUNN	Psi	228	1343	6808	6814
NR_003286.4_RNA18SN5_804	NNUNN	Psi	1478	1483	9621	9633
NR_003286.4_RNA18SN5_805	NNUNN	Psi	1442	1453	9678	9678
NR_003286.4_RNA18SN5_806	NNUNN	Psi	1434	1436	9707	9709
NR_003286.4_RNA18SN5_81	NNUNN	Psi	1247	1255	2525	2525
NR_003286.4_RNA18SN5_814	NNUNN	Psi	258	1216	9969	9971
NR_003286.4_RNA18SN5_815	NNUNN	Psi	248	1222	10001	10003
NR_003286.4_RNA18SN5_820	NNUNN	Psi	1358	1358	9307	9308
NR_003286.4_RNA18SN5_822	NNUNN	Psi	172	1272	7844	7846
NR_003286.4_RNA18SN5_823	NNUNN	Psi	1391	1392	7697	7698
NR_003286.4_RNA18SN5_844	NNUNN	Psi	879	882	1010	1010
NR_003286.4_RNA18SN5_848	NNUNN	Psi	859	863	1034	1035
NR_003286.4_RNA18SN5_857	NNUNN	Psi	795	796	1281	1283
NR_003286.4_RNA18SN5_863	NNUNN	Psi	499	1457	6590	6602
NR_003286.4_RNA18SN5_866	NNUNN	Psi	1041	3450	15385	15389
NR_003286.4_RNA18SN5_87	NNUNN	Psi	1476	1490	3184	3184
NR_003286.4_RNA18SN5_871	NNUNN	Psi	11596	11676	24373	24376
NR_003286.4_RNA18SN5_882	NNUNN	Psi	46719	46735	81105	81115
NR_003286.4_RNA18SN5_883	NNUNN	Psi	47000	47099	81102	81105
NR_003286.4_RNA18SN5_885	NNUNN	Psi	47769	47783	80935	80938
NR_003286.4_RNA18SN5_887	NNUNN	Psi	47610	47619	80462	80464
NR_003286.4_RNA18SN5_888	NNUNN	Psi	47584	47592	80360	80362
NR_003286.4_RNA18SN5_889	NNUNN	Psi	47585	47612	79871	79875
NR_003286.4_RNA18SN5_890	NNUNN	Psi	46998	47499	79776	79787
NR_003286.4_RNA18SN5_892	NNUNN	Psi	47285	47336	78213	78215
NR_003286.4_RNA18SN5_893	NNUNN	Psi	47077	47096	77969	77972
NR_003286.4_RNA18SN5_896	NNUNN	Psi	43819	43944	74761	74767
NR_003286.4_RNA18SN5_897	NNUNN	Psi	40410	41446	70165	70172
NR_003286.4_RNA18SN5_898	NNUNN	Psi	40724	40740	68215	68224
NR_003286.4_RNA18SN5_899	NNUNN	Psi	39490	39819	64587	64589
NR_003286.4_RNA18SN5_9	NNUNN	Psi	723	725	1727	1727
NR_003286.4_RNA18SN5_906	NNUNN	Psi	6690	6723	10452	10495
NR_003286.4_RNA18SN5_914	NNUNN	Psi	940	940	1321	1322
NR_003286.4_RNA18SN5_917	NNUNN	Psi	668	668	994	995
NR_003286.4_RNA18SN5_918	NNUNN	Psi	300	637	988	990
NR_003286.4_RNA18SN5_93	NNUNN	Psi	425	1471	3999	3999
NR_003286.4_RNA18SN5_939	NNUNN	Psi	701	707	1369	1369
NR_003286.4_RNA18SN5_940	NNUNN	Psi	728	731	1398	1398
NR_003286.4_RNA18SN5_943	NNUNN	Psi	741	745	1388	1388
NR_003286.4_RNA18SN5_945	NNUNN	Psi	753	760	1432	1432
NR_003286.4_RNA18SN5_946	NNUNN	Psi	763	768	1408	1409
NR_003286.4_RNA18SN5_954	NNUNN	Psi	814	816	1498	1498
NR_003286.4_RNA18SN5_960	NNUNN	Psi	835	835	1546	1547
NR_003286.4_RNA18SN5_965	NNUNN	Psi	831	834	1531	1531
NR_003286.4_RNA18SN5_966	NNUNN	Psi	120	798	1498	1498
NR_003286.4_RNA18SN5_968	NNUNN	Psi	918	920	1533	1533
NR_003286.4_RNA18SN5_969	NNUNN	Psi	870	872	1510	1510
NR_003286.4_RNA18SN5_97	NNUNN	Psi	1883	1888	4510	4511
NR_003287.4_RNA28SN5_1055	NNUNN	Psi	101087	101443	73908	73945
NR_003287.4_RNA28SN5_1057	NNUNN	Psi	76460	76714	53797	53819
NR_003287.4_RNA28SN5_1060	NNUNN	Psi	35349	35785	24566	24786
NR_003287.4_RNA28SN5_1063	NNUNN	Psi	22743	22864	15279	15365
NR_003287.4_RNA28SN5_1083	NNUNN	Psi	12781	12876	8209	8215
NR_003287.4_RNA28SN5_1100	NNUNN	Psi	34698	34865	30079	30093
NR_003287.4_RNA28SN5_1102	NNUNN	Psi	38615	38715	32538	32556
NR_003287.4_RNA28SN5_1111	NNUNN	Psi	59479	59639	62872	62961
NR_003287.4_RNA28SN5_1114	NNUNN	Psi	60563	60705	67916	67990
NR_003287.4_RNA28SN5_1179	NNUNN	Psi	4654	4801	2347	2348
NR_003287.4_RNA28SN5_1186	NNUNN	Psi	5296	5322	2728	2732
NR_003287.4_RNA28SN5_1201	NNUNN	Psi	7540	7547	4113	4114
NR_003287.4_RNA28SN5_1209	NNUNN	Psi	10138	10409	6847	6848
NR_003287.4_RNA28SN5_122	NNUNN	Psi	40886	41874	35196	35212
NR_003287.4_RNA28SN5_1225	NNUNN	Psi	11243	11369	8647	8649
NR_003287.4_RNA28SN5_1226	NNUNN	Psi	10755	10807	8460	8465
NR_003287.4_RNA28SN5_1228	NNUNN	Psi	11253	11316	8786	8789
NR_003287.4_RNA28SN5_1230	NNUNN	Psi	10998	11060	8484	8486
NR_003287.4_RNA28SN5_1247	NNUNN	Psi	10643	10704	8049	8056
NR_003287.4_RNA28SN5_1285	NNUNN	Psi	2043	2053	1325	1328
NR_003287.4_RNA28SN5_1297	NNUNN	Psi	1712	1722	1228	1228
NR_003287.4_RNA28SN5_13	NNUNN	Psi	722	729	1237	1239
NR_003287.4_RNA28SN5_1302	NNUNN	Psi	1914	1917	1360	1360
NR_003287.4_RNA28SN5_1317	NNUNN	Psi	1526	1526	1739	1739
NR_003287.4_RNA28SN5_1319	NNUNN	Psi	1597	1604	1801	1802
NR_003287.4_RNA28SN5_1320	NNUNN	Psi	1593	1599	1820	1825
NR_003287.4_RNA28SN5_1339	NNUNN	Psi	2005	2020	2230	2230
NR_003287.4_RNA28SN5_1341	NNUNN	Psi	2065	2067	2241	2241
NR_003287.4_RNA28SN5_1348	NNUNN	Psi	2030	2046	2137	2139
NR_003287.4_RNA28SN5_1356	NNUNN	Psi	1790	1805	1763	1763
NR_003287.4_RNA28SN5_1364	NNUNN	Psi	1673	1691	1391	1391
NR_003287.4_RNA28SN5_1381	NNUNN	Psi	1099	1102	953	954
NR_003287.4_RNA28SN5_1389	NNUNN	Psi	792	794	757	757
NR_003287.4_RNA28SN5_1395	NNUNN	Psi	1232	1239	1429	1430
NR_003287.4_RNA28SN5_1410	NNUNN	Psi	7594	7675	12859	12864
NR_003287.4_RNA28SN5_1423	NNUNN	Psi	8723	8728	13767	13770
NR_003287.4_RNA28SN5_1428	NNUNN	Psi	7891	8108	10810	10811
NR_003287.4_RNA28SN5_1438	NNUNN	Psi	5725	5752	4206	4207
NR_003287.4_RNA28SN5_1440	NNUNN	Psi	5964	5992	4279	4282
NR_003287.4_RNA28SN5_1445	NNUNN	Psi	6655	6768	4453	4453
NR_003287.4_RNA28SN5_1471	NNUNN	Psi	7635	7696	4813	4818
NR_003287.4_RNA28SN5_1473	NNUNN	Psi	7536	7585	4766	4768
NR_003287.4_RNA28SN5_1494	NNUNN	Psi	4028	4035	2847	2849
NR_003287.4_RNA28SN5_150	NNUNN	Psi	38697	38940	31164	31175
NR_003287.4_RNA28SN5_1511	NNUNN	Psi	1094	1099	1653	1653
NR_003287.4_RNA28SN5_1513	NNUNN	Psi	1186	1189	1865	1866
NR_003287.4_RNA28SN5_1514	NNUNN	Psi	1198	1204	1888	1888
NR_003287.4_RNA28SN5_152	NNUNN	Psi	36323	36417	29839	29843
NR_003287.4_RNA28SN5_1528	NNUNN	Psi	1299	1306	2188	2188
NR_003287.4_RNA28SN5_1531	NNUNN	Psi	1343	1347	2210	2210
NR_003287.4_RNA28SN5_1536	NNUNN	Psi	666	1423	2356	2358
NR_003287.4_RNA28SN5_1538	NNUNN	Psi	1434	1440	2347	2347
NR_003287.4_RNA28SN5_1542	NNUNN	Psi	1328	1331	2205	2207
NR_003287.4_RNA28SN5_1567	NNUNN	Psi	2271	2300	6651	6651
NR_003287.4_RNA28SN5_1569	NNUNN	Psi	2239	2242	6631	6639
NR_003287.4_RNA28SN5_157	NNUNN	Psi	28612	28629	24364	24375
NR_003287.4_RNA28SN5_1572	NNUNN	Psi	2355	2358	6736	6736
NR_003287.4_RNA28SN5_1578	NNUNN	Psi	2035	2303	4853	5593
NR_003287.4_RNA28SN5_1582	NNUNN	Psi	537	1660	2212	2971
NR_003287.4_RNA28SN5_1588	NNUNN	Psi	1806	1814	2676	2677
NR_003287.4_RNA28SN5_1591	NNUNN	Psi	1918	1924	2783	2784
NR_003287.4_RNA28SN5_1596	NNUNN	Psi	1882	1889	2910	2911
NR_003287.4_RNA28SN5_1602	NNUNN	Psi	1892	1896	3015	3015
NR_003287.4_RNA28SN5_1606	NNUNN	Psi	1834	1835	2878	2878
NR_003287.4_RNA28SN5_1609	NNUNN	Psi	1823	1834	2800	2800
NR_003287.4_RNA28SN5_1616	NNUNN	Psi	1548	1553	2618	2620
NR_003287.4_RNA28SN5_1620	NNUNN	Psi	1620	1624	2752	2756
NR_003287.4_RNA28SN5_1622	NNUNN	Psi	1681	1698	2918	2919
NR_003287.4_RNA28SN5_1636	NNUNN	Psi	2098	2099	3573	3576
NR_003287.4_RNA28SN5_1639	NNUNN	Psi	2405	2411	4002	4002
NR_003287.4_RNA28SN5_1647	NNUNN	Psi	2812	2816	4134	4134
NR_003287.4_RNA28SN5_1649	NNUNN	Psi	2857	2862	4235	4239
NR_003287.4_RNA28SN5_1652	NNUNN	Psi	3091	3111	4415	4416
NR_003287.4_RNA28SN5_1656	NNUNN	Psi	3043	3063	4428	4428
NR_003287.4_RNA28SN5_1659	NNUNN	Psi	3258	3274	4477	4477
NR_003287.4_RNA28SN5_1660	NNUNN	Psi	3171	3315	4426	4428
NR_003287.4_RNA28SN5_1664	NNUNN	Psi	2933	2956	3591	3594
NR_003287.4_RNA28SN5_1671	NNUNN	Psi	3235	3236	4354	4355
NR_003287.4_RNA28SN5_1672	NNUNN	Psi	3215	3236	4314	4314
NR_003287.4_RNA28SN5_1673	NNUNN	Psi	3177	3234	4244	4244
NR_003287.4_RNA28SN5_1677	NNUNN	Psi	524	2837	4091	4094
NR_003287.4_RNA28SN5_1683	NNUNN	Psi	427	2802	3750	3750
NR_003287.4_RNA28SN5_1687	NNUNN	Psi	2627	2694	3132	3133
NR_003287.4_RNA28SN5_1693	NNUNN	Psi	2576	2607	2906	2906
NR_003287.4_RNA28SN5_1695	NNUNN	Psi	2786	2793	3113	3113
NR_003287.4_RNA28SN5_171	NNUNN	Psi	49834	50223	56505	56544
NR_003287.4_RNA28SN5_1725	NNUNN	Psi	2380	2381	3398	3400
NR_003287.4_RNA28SN5_1726	NNUNN	Psi	2327	2328	3440	3440
NR_003287.4_RNA28SN5_1727	NNUNN	Psi	2291	2300	3438	3438
NR_003287.4_RNA28SN5_1728	NNUNN	Psi	2274	2321	3470	3470
NR_003287.4_RNA28SN5_1730	NNUNN	Psi	2368	2415	3558	3558
NR_003287.4_RNA28SN5_1735	NNUNN	Psi	1831	1832	3040	3040
NR_003287.4_RNA28SN5_1744	NNUNN	Psi	235	1517	3350	3352
NR_003287.4_RNA28SN5_1747	NNUNN	Psi	1580	1590	3317	3318
NR_003287.4_RNA28SN5_1748	NNUNN	Psi	1575	1579	3337	3338
NR_003287.4_RNA28SN5_1754	NNUNN	Psi	1590	1718	2482	3315
NR_003287.4_RNA28SN5_1756	NNUNN	Psi	1802	1813	3436	3437
NR_003287.4_RNA28SN5_1757	NNUNN	Psi	1719	1724	3384	3386
NR_003287.4_RNA28SN5_1771	NNUNN	Psi	1998	2083	3566	3911
NR_003287.4_RNA28SN5_1773	NNUNN	Psi	2100	2114	4170	4170
NR_003287.4_RNA28SN5_1779	NNUNN	Psi	1032	1383	4289	4289
NR_003287.4_RNA28SN5_1781	NNUNN	Psi	320	1915	4295	4298
NR_003287.4_RNA28SN5_1782	NNUNN	Psi	347	1934	4301	4303
NR_003287.4_RNA28SN5_1784	NNUNN	Psi	2262	2266	4322	4324
NR_003287.4_RNA28SN5_1790	NNUNN	Psi	2275	2289	4336	4338
NR_003287.4_RNA28SN5_1791	NNUNN	Psi	2178	2180	4210	4212
NR_003287.4_RNA28SN5_1792	NNUNN	Psi	348	2106	4156	4156
NR_003287.4_RNA28SN5_1796	NNUNN	Psi	2220	2277	4097	4097
NR_003287.4_RNA28SN5_1800	NNUNN	Psi	2274	2298	3690	3690
NR_003287.4_RNA28SN5_1813	NNUNN	Psi	1880	1899	2494	2494
NR_003287.4_RNA28SN5_1817	NNUNN	Psi	1574	1596	2057	2058
NR_003287.4_RNA28SN5_1822	NNUNN	Psi	1122	1122	1442	1442
NR_003287.4_RNA28SN5_1834	NNUNN	Psi	965	968	1187	1187
NR_003287.4_RNA28SN5_1839	NNUNN	Psi	868	869	1214	1214
NR_003287.4_RNA28SN5_184	NNUNN	Psi	62802	63293	67171	67177
NR_003287.4_RNA28SN5_1845	NNUNN	Psi	861	861	1206	1209
NR_003287.4_RNA28SN5_1849	NNUNN	Psi	975	976	1844	1848
NR_003287.4_RNA28SN5_1852	NNUNN	Psi	912	912	1979	1979
NR_003287.4_RNA28SN5_1860	NNUNN	Psi	219	1115	2884	2887
NR_003287.4_RNA28SN5_1861	NNUNN	Psi	1129	1130	2961	2961
NR_003287.4_RNA28SN5_1862	NNUNN	Psi	258	1143	3056	3056
NR_003287.4_RNA28SN5_1863	NNUNN	Psi	1372	1373	3109	3109
NR_003287.4_RNA28SN5_1866	NNUNN	Psi	1632	1636	3457	3458
NR_003287.4_RNA28SN5_187	NNUNN	Psi	60901	60932	64898	64905
NR_003287.4_RNA28SN5_1876	NNUNN	Psi	1810	1821	4025	4026
NR_003287.4_RNA28SN5_1882	NNUNN	Psi	1883	1894	3769	3771
NR_003287.4_RNA28SN5_1889	NNUNN	Psi	1677	1682	3225	3225
NR_003287.4_RNA28SN5_1905	NNUNN	Psi	1565	1571	2428	2428
NR_003287.4_RNA28SN5_1906	NNUNN	Psi	1551	1555	2383	2383
NR_003287.4_RNA28SN5_1918	NNUNN	Psi	1686	1691	2332	2332
NR_003287.4_RNA28SN5_1927	NNUNN	Psi	1862	1880	2964	2964
NR_003287.4_RNA28SN5_1930	NNUNN	Psi	1957	1970	2978	2979
NR_003287.4_RNA28SN5_1947	NNUNN	Psi	1806	1808	3553	3554
NR_003287.4_RNA28SN5_1949	NNUNN	Psi	1790	1790	3672	3672
NR_003287.4_RNA28SN5_1950	NNUNN	Psi	1729	1732	3538	3540
NR_003287.4_RNA28SN5_1953	NNUNN	Psi	1765	1770	3561	3562
NR_003287.4_RNA28SN5_1954	NNUNN	Psi	1735	1739	3501	3501
NR_003287.4_RNA28SN5_1957	NNUNN	Psi	1728	1742	3397	3397
NR_003287.4_RNA28SN5_1959	NNUNN	Psi	1669	1770	3246	3456
NR_003287.4_RNA28SN5_1974	NNUNN	Psi	1991	1996	2960	2960
NR_003287.4_RNA28SN5_1980	NNUNN	Psi	2055	2066	3060	3063
NR_003287.4_RNA28SN5_1986	NNUNN	Psi	2351	2361	3287	3287
NR_003287.4_RNA28SN5_1992	NNUNN	Psi	2575	2602	3425	3428
NR_003287.4_RNA28SN5_1997	NNUNN	Psi	2430	2433	3233	3235
NR_003287.4_RNA28SN5_20	NNUNN	Psi	861	866	1412	1412
NR_003287.4_RNA28SN5_200	NNUNN	Psi	51158	52346	49001	49019
NR_003287.4_RNA28SN5_2004	NNUNN	Psi	2354	2359	3248	3249
NR_003287.4_RNA28SN5_2006	NNUNN	Psi	2402	2411	3236	3239
NR_003287.4_RNA28SN5_2008	NNUNN	Psi	2393	2406	3179	3179
NR_003287.4_RNA28SN5_2015	NNUNN	Psi	2606	2682	3355	3355
NR_003287.4_RNA28SN5_2020	NNUNN	Psi	2668	2672	3410	3412
NR_003287.4_RNA28SN5_2027	NNUNN	Psi	2596	2609	3337	3337
NR_003287.4_RNA28SN5_203	NNUNN	Psi	36392	36458	36082	36091
NR_003287.4_RNA28SN5_2032	NNUNN	Psi	2367	2400	3165	3165
NR_003287.4_RNA28SN5_2038	NNUNN	Psi	2023	2033	2699	2700
NR_003287.4_RNA28SN5_204	NNUNN	Psi	28784	29092	28663	28697
NR_003287.4_RNA28SN5_2044	NNUNN	Psi	1823	1828	2537	2537
NR_003287.4_RNA28SN5_2048	NNUNN	Psi	1754	1756	2437	2437
NR_003287.4_RNA28SN5_2054	NNUNN	Psi	1465	1481	2057	2058
NR_003287.4_RNA28SN5_206	NNUNN	Psi	25462	25550	25034	25041
NR_003287.4_RNA28SN5_2061	NNUNN	Psi	1441	1444	1905	1905
NR_003287.4_RNA28SN5_2070	NNUNN	Psi	1868	1871	2476	2476
NR_003287.4_RNA28SN5_2080	NNUNN	Psi	2043	2050	2734	2735
NR_003287.4_RNA28SN5_209	NNUNN	Psi	9339	9367	8719	8738
NR_003287.4_RNA28SN5_2090	NNUNN	Psi	2076	2082	2797	2797
NR_003287.4_RNA28SN5_2097	NNUNN	Psi	1759	1761	2309	2311
NR_003287.4_RNA28SN5_2135	NNUNN	Psi	2141	2153	2347	2348
NR_003287.4_RNA28SN5_2137	NNUNN	Psi	2341	2348	2424	2424
NR_003287.4_RNA28SN5_2140	NNUNN	Psi	2802	2850	2697	2698
NR_003287.4_RNA28SN5_2142	NNUNN	Psi	3113	3122	2819	2820
NR_003287.4_RNA28SN5_2146	NNUNN	Psi	3838	3850	2949	2950
NR_003287.4_RNA28SN5_2178	NNUNN	Psi	65734	65812	48308	48338
NR_003287.4_RNA28SN5_2180	NNUNN	Psi	66562	66647	48749	48767
NR_003287.4_RNA28SN5_2185	NNUNN	Psi	88904	89491	71256	71302
NR_003287.4_RNA28SN5_2188	NNUNN	Psi	67346	68989	48079	48496
NR_003287.4_RNA28SN5_2189	NNUNN	Psi	70590	72719	48317	49842
NR_003287.4_RNA28SN5_2212	NNUNN	Psi	71557	71929	37488	37581
NR_003287.4_RNA28SN5_2215	NNUNN	Psi	60689	61197	27054	27284
NR_003287.4_RNA28SN5_2220	NNUNN	Psi	46761	47008	18935	18996
NR_003287.4_RNA28SN5_2223	NNUNN	Psi	46144	46662	21152	21285
NR_003287.4_RNA28SN5_224	NNUNN	Psi	2233	2241	2014	2016
NR_003287.4_RNA28SN5_2240	NNUNN	Psi	47064	47269	36826	36846
NR_003287.4_RNA28SN5_2267	NNUNN	Psi	10177	10261	6054	6087
NR_003287.4_RNA28SN5_2281	NNUNN	Psi	2160	2166	1542	1542
NR_003287.4_RNA28SN5_2293	NNUNN	Psi	6181	6220	11928	11928
NR_003287.4_RNA28SN5_2298	NNUNN	Psi	6353	6363	11988	11989
NR_003287.4_RNA28SN5_2304	NNUNN	Psi	6558	6562	11957	11957
NR_003287.4_RNA28SN5_2305	NNUNN	Psi	6535	6548	11939	11939
NR_003287.4_RNA28SN5_231	NNUNN	Psi	1615	1618	1611	1612
NR_003287.4_RNA28SN5_2312	NNUNN	Psi	2030	2031	1883	1884
NR_003287.4_RNA28SN5_2329	NNUNN	Psi	1780	1782	1607	1608
NR_003287.4_RNA28SN5_233	NNUNN	Psi	1571	1577	1622	1624
NR_003287.4_RNA28SN5_2344	NNUNN	Psi	1575	1576	1917	1918
NR_003287.4_RNA28SN5_2350	NNUNN	Psi	801	802	1964	1965
NR_003287.4_RNA28SN5_2352	NNUNN	Psi	826	826	2108	2108
NR_003287.4_RNA28SN5_2353	NNUNN	Psi	791	791	2120	2120
NR_003287.4_RNA28SN5_2356	NNUNN	Psi	910	911	2368	2368
NR_003287.4_RNA28SN5_2359	NNUNN	Psi	1026	1027	2671	2671
NR_003287.4_RNA28SN5_2362	NNUNN	Psi	1093	1102	2879	2879
NR_003287.4_RNA28SN5_2369	NNUNN	Psi	1069	1074	2784	2787
NR_003287.4_RNA28SN5_2371	NNUNN	Psi	777	1043	1792	2632
NR_003287.4_RNA28SN5_2372	NNUNN	Psi	1047	1050	2665	2665
NR_003287.4_RNA28SN5_2384	NNUNN	Psi	789	792	2242	2250
NR_003287.4_RNA28SN5_2385	NNUNN	Psi	688	731	2106	2106
NR_003287.4_RNA28SN5_2386	NNUNN	Psi	713	714	2080	2080
NR_003287.4_RNA28SN5_2398	NNUNN	Psi	784	785	2347	2347
NR_003287.4_RNA28SN5_2408	NNUNN	Psi	1445	1448	3901	3901
NR_003287.4_RNA28SN5_2409	NNUNN	Psi	1497	1522	3914	3914
NR_003287.4_RNA28SN5_2413	NNUNN	Psi	1674	1683	4056	4058
NR_003287.4_RNA28SN5_2415	NNUNN	Psi	1789	1801	4165	4167
NR_003287.4_RNA28SN5_242	NNUNN	Psi	7231	7239	9065	9072
NR_003287.4_RNA28SN5_2425	NNUNN	Psi	2003	2007	3868	3869
NR_003287.4_RNA28SN5_2426	NNUNN	Psi	1995	2001	3826	3827
NR_003287.4_RNA28SN5_2432	NNUNN	Psi	1721	1818	2545	2947
NR_003287.4_RNA28SN5_2436	NNUNN	Psi	1934	1935	2948	2948
NR_003287.4_RNA28SN5_2440	NNUNN	Psi	1937	1944	2882	2882
NR_003287.4_RNA28SN5_2444	NNUNN	Psi	1828	1846	2690	2691
NR_003287.4_RNA28SN5_2447	NNUNN	Psi	1731	1737	2510	2513
NR_003287.4_RNA28SN5_2454	NNUNN	Psi	1052	1052	1615	1618
NR_003287.4_RNA28SN5_2467	NNUNN	Psi	990	991	1626	1627
NR_003287.4_RNA28SN5_2468	NNUNN	Psi	994	1006	1634	1635
NR_003287.4_RNA28SN5_2485	NNUNN	Psi	1408	1409	1752	1752
NR_003287.4_RNA28SN5_2490	NNUNN	Psi	2091	2105	3267	3267
NR_003287.4_RNA28SN5_2494	NNUNN	Psi	2358	2364	3596	3598
NR_003287.4_RNA28SN5_2495	NNUNN	Psi	2397	2406	3610	3611
NR_003287.4_RNA28SN5_2500	NNUNN	Psi	2640	2660	4087	4087
NR_003287.4_RNA28SN5_2508	NNUNN	Psi	1083	2837	4584	4585
NR_003287.4_RNA28SN5_2519	NNUNN	Psi	3194	3217	4677	4680
NR_003287.4_RNA28SN5_2524	NNUNN	Psi	3412	3422	4462	4462
NR_003287.4_RNA28SN5_2525	NNUNN	Psi	3405	3418	4313	4313
NR_003287.4_RNA28SN5_2530	NNUNN	Psi	3669	3846	4167	4167
NR_003287.4_RNA28SN5_2538	NNUNN	Psi	3934	3964	4233	4233
NR_003287.4_RNA28SN5_2545	NNUNN	Psi	3599	3609	3930	3935
NR_003287.4_RNA28SN5_2554	NNUNN	Psi	2861	2864	3248	3252
NR_003287.4_RNA28SN5_2570	NNUNN	Psi	2028	2038	2308	2314
NR_003287.4_RNA28SN5_2575	NNUNN	Psi	2066	2072	2303	2307
NR_003287.4_RNA28SN5_2580	NNUNN	Psi	2056	2061	2305	2305
NR_003287.4_RNA28SN5_2592	NNUNN	Psi	1943	2040	2409	2409
NR_003287.4_RNA28SN5_2625	NNUNN	Psi	2853	2924	6710	6711
NR_003287.4_RNA28SN5_2626	NNUNN	Psi	3298	3303	7828	7829
NR_003287.4_RNA28SN5_2628	NNUNN	Psi	3461	3472	8137	8140
NR_003287.4_RNA28SN5_2630	NNUNN	Psi	3397	3406	8620	8624
NR_003287.4_RNA28SN5_2631	NNUNN	Psi	3366	3368	8688	8693
NR_003287.4_RNA28SN5_2632	NNUNN	Psi	831	3347	8758	8760
NR_003287.4_RNA28SN5_2633	NNUNN	Psi	3725	3726	8837	8840
NR_003287.4_RNA28SN5_2635	NNUNN	Psi	4091	4097	9229	9231
NR_003287.4_RNA28SN5_2636	NNUNN	Psi	4122	4157	9266	9268
NR_003287.4_RNA28SN5_2637	NNUNN	Psi	4192	4201	9312	9312
NR_003287.4_RNA28SN5_2639	NNUNN	Psi	4540	4556	9496	9500
NR_003287.4_RNA28SN5_2656	NNUNN	Psi	5221	5235	5787	5789
NR_003287.4_RNA28SN5_2661	NNUNN	Psi	5395	5403	5685	5685
NR_003287.4_RNA28SN5_2665	NNUNN	Psi	5467	5481	5402	5403
NR_003287.4_RNA28SN5_2666	NNUNN	Psi	5555	5582	5388	5389
NR_003287.4_RNA28SN5_2687	NNUNN	Psi	3035	3053	2595	2600
NR_003287.4_RNA28SN5_2691	NNUNN	Psi	2985	2998	2673	2673
NR_003287.4_RNA28SN5_2692	NNUNN	Psi	2843	2851	2638	2639
NR_003287.4_RNA28SN5_270	NNUNN	Psi	4477	4498	4968	4970
NR_003287.4_RNA28SN5_2701	NNUNN	Psi	2678	2681	2550	2551
NR_003287.4_RNA28SN5_2707	NNUNN	Psi	2682	2684	2560	2561
NR_003287.4_RNA28SN5_2708	NNUNN	Psi	2672	2701	2555	2555
NR_003287.4_RNA28SN5_2718	NNUNN	Psi	3461	3478	2799	2800
NR_003287.4_RNA28SN5_272	NNUNN	Psi	4060	4069	4394	4396
NR_003287.4_RNA28SN5_2723	NNUNN	Psi	3783	3790	2971	2971
NR_003287.4_RNA28SN5_2728	NNUNN	Psi	3928	3992	3180	3182
NR_003287.4_RNA28SN5_273	NNUNN	Psi	2733	2786	2716	2722
NR_003287.4_RNA28SN5_2730	NNUNN	Psi	4305	4313	3646	3648
NR_003287.4_RNA28SN5_2734	NNUNN	Psi	4538	4562	4098	4102
NR_003287.4_RNA28SN5_2740	NNUNN	Psi	8675	8714	12720	12724
NR_003287.4_RNA28SN5_2741	NNUNN	Psi	11294	11315	20648	20649
NR_003287.4_RNA28SN5_2747	NNUNN	Psi	12620	12716	24764	24764
NR_003287.4_RNA28SN5_2761	NNUNN	Psi	8185	8193	18502	18504
NR_003287.4_RNA28SN5_2763	NNUNN	Psi	7803	7803	16831	16831
NR_003287.4_RNA28SN5_2767	NNUNN	Psi	1571	1583	2653	2667
NR_003287.4_RNA28SN5_2769	NNUNN	Psi	1395	1408	2097	2111
NR_003287.4_RNA28SN5_2782	NNUNN	Psi	1390	1394	1673	1673
NR_003287.4_RNA28SN5_2788	NNUNN	Psi	1653	1657	2070	2071
NR_003287.4_RNA28SN5_2790	NNUNN	Psi	1385	1402	1547	1548
NR_003287.4_RNA28SN5_2801	NNUNN	Psi	2017	2031	2844	2844
NR_003287.4_RNA28SN5_2803	NNUNN	Psi	2137	2144	2893	2893
NR_003287.4_RNA28SN5_281	NNUNN	Psi	2044	2057	2016	2017
NR_003287.4_RNA28SN5_2810	NNUNN	Psi	2102	2107	2865	2866
NR_003287.4_RNA28SN5_2819	NNUNN	Psi	1983	1992	2792	2794
NR_003287.4_RNA28SN5_2821	NNUNN	Psi	1858	1863	2590	2590
NR_003287.4_RNA28SN5_2826	NNUNN	Psi	1743	1744	2110	2110
NR_003287.4_RNA28SN5_2828	NNUNN	Psi	1708	1714	2196	2199
NR_003287.4_RNA28SN5_2829	NNUNN	Psi	1589	1590	2116	2116
NR_003287.4_RNA28SN5_2837	NNUNN	Psi	1443	1451	2953	2956
NR_003287.4_RNA28SN5_2839	NNUNN	Psi	1187	1448	3000	3001
NR_003287.4_RNA28SN5_2843	NNUNN	Psi	1324	1453	2903	2904
NR_003287.4_RNA28SN5_2852	NNUNN	Psi	1187	1307	2844	2845
NR_003287.4_RNA28SN5_286	NNUNN	Psi	1978	1982	1946	1946
NR_003287.4_RNA28SN5_2865	NNUNN	Psi	1565	1590	2941	2941
NR_003287.4_RNA28SN5_2869	NNUNN	Psi	1600	1602	3102	3103
NR_003287.4_RNA28SN5_287	NNUNN	Psi	1947	1948	1906	1907
NR_003287.4_RNA28SN5_2873	NNUNN	Psi	1638	1686	3242	3242
NR_003287.4_RNA28SN5_2874	NNUNN	Psi	1625	1639	3136	3137
NR_003287.4_RNA28SN5_2880	NNUNN	Psi	1555	1560	2703	2703
NR_003287.4_RNA28SN5_2886	NNUNN	Psi	1707	1712	3086	3086
NR_003287.4_RNA28SN5_2887	NNUNN	Psi	1653	1655	3069	3069
NR_003287.4_RNA28SN5_2891	NNUNN	Psi	1759	1763	3133	3134
NR_003287.4_RNA28SN5_2893	NNUNN	Psi	1873	1877	3191	3191
NR_003287.4_RNA28SN5_290	NNUNN	Psi	1909	1939	1916	1916
NR_003287.4_RNA28SN5_2900	NNUNN	Psi	1631	1635	2529	2529
NR_003287.4_RNA28SN5_2904	NNUNN	Psi	1579	1592	2141	2187
NR_003287.4_RNA28SN5_2908	NNUNN	Psi	1659	1662	2144	2145
NR_003287.4_RNA28SN5_291	NNUNN	Psi	1732	1735	1804	1804
NR_003287.4_RNA28SN5_2914	NNUNN	Psi	1591	1603	1989	1990
NR_003287.4_RNA28SN5_2932	NNUNN	Psi	1720	1724	2095	2096
NR_003287.4_RNA28SN5_2949	NNUNN	Psi	2244	2263	2247	2260
NR_003287.4_RNA28SN5_297	NNUNN	Psi	1886	1892	1795	1795
NR_003287.4_RNA28SN5_2992	NNUNN	Psi	193395	194100	154508	154564
NR_003287.4_RNA28SN5_3001	NNUNN	Psi	159260	159715	131482	131532
NR_003287.4_RNA28SN5_3028	NNUNN	Psi	19746	19945	18340	18377
NR_003287.4_RNA28SN5_3032	NNUNN	Psi	29434	29775	26523	26589
NR_003287.4_RNA28SN5_3036	NNUNN	Psi	50117	50467	45690	46179
NR_003287.4_RNA28SN5_3052	NNUNN	Psi	174202	174576	163077	163139
NR_003287.4_RNA28SN5_3054	NNUNN	Psi	169369	169495	155560	155608
NR_003287.4_RNA28SN5_3056	NNUNN	Psi	169338	169445	154695	154717
NR_003287.4_RNA28SN5_3058	NNUNN	Psi	167064	167185	151875	151925
NR_003287.4_RNA28SN5_3060	NNUNN	Psi	195734	195873	170523	170545
NR_003287.4_RNA28SN5_3062	NNUNN	Psi	192721	192937	169267	169311
NR_003287.4_RNA28SN5_3064	NNUNN	Psi	181397	181755	158816	158865
NR_003287.4_RNA28SN5_3066	NNUNN	Psi	166777	167657	142965	143062
NR_003287.4_RNA28SN5_3074	NNUNN	Psi	104950	105709	80580	80784
NR_003287.4_RNA28SN5_3080	NNUNN	Psi	81598	82410	66481	66842
NR_003287.4_RNA28SN5_3083	NNUNN	Psi	73802	74155	61327	61486
NR_003287.4_RNA28SN5_3090	NNUNN	Psi	58879	59249	51075	51144
NR_003287.4_RNA28SN5_31	NNUNN	Psi	1230	1233	2057	2058
NR_003287.4_RNA28SN5_3109	NNUNN	Psi	18136	18270	11849	11876
NR_003287.4_RNA28SN5_313	NNUNN	Psi	1139	1139	1155	1157
NR_003287.4_RNA28SN5_3135	NNUNN	Psi	7344	7378	2267	2272
NR_003287.4_RNA28SN5_316	NNUNN	Psi	1168	1168	1291	1291
NR_003287.4_RNA28SN5_321	NNUNN	Psi	1282	1305	1525	1525
NR_003287.4_RNA28SN5_3242	NNUNN	Psi	19415	19503	14351	14376
NR_003287.4_RNA28SN5_3244	NNUNN	Psi	9515	9581	5363	5392
NR_003287.4_RNA28SN5_325	NNUNN	Psi	1364	1371	1670	1673
NR_003287.4_RNA28SN5_3262	NNUNN	Psi	4499	4536	3101	3101
NR_003287.4_RNA28SN5_3263	NNUNN	Psi	4473	4585	3106	3109
NR_003287.4_RNA28SN5_3268	NNUNN	Psi	4727	4736	3457	3461
NR_003287.4_RNA28SN5_327	NNUNN	Psi	1381	1383	1755	1757
NR_003287.4_RNA28SN5_3272	NNUNN	Psi	6010	6061	5378	5387
NR_003287.4_RNA28SN5_3282	NNUNN	Psi	15357	15508	23081	23088
NR_003287.4_RNA28SN5_3293	NNUNN	Psi	18876	18902	26778	26786
NR_003287.4_RNA28SN5_333	NNUNN	Psi	1452	1452	1862	1863
NR_003287.4_RNA28SN5_3351	NNUNN	Psi	4865	4917	3599	3603
NR_003287.4_RNA28SN5_3353	NNUNN	Psi	5209	5239	4089	4090
NR_003287.4_RNA28SN5_3356	NNUNN	Psi	5556	5578	4189	4197
NR_003287.4_RNA28SN5_3367	NNUNN	Psi	7217	7265	5661	5662
NR_003287.4_RNA28SN5_337	NNUNN	Psi	1541	1542	1963	1963
NR_003287.4_RNA28SN5_3372	NNUNN	Psi	8674	8687	8434	8436
NR_003287.4_RNA28SN5_3388	NNUNN	Psi	12969	12981	13203	13207
NR_003287.4_RNA28SN5_3402	NNUNN	Psi	15146	15185	11601	11611
NR_003287.4_RNA28SN5_3426	NNUNN	Psi	43573	43632	31175	31181
NR_003287.4_RNA28SN5_3468	NNUNN	Psi	30155	30244	9736	9754
NR_003287.4_RNA28SN5_3469	NNUNN	Psi	30360	30561	9666	9680
NR_003287.4_RNA28SN5_3476	NNUNN	Psi	28619	28803	10013	10030
NR_003287.4_RNA28SN5_3479	NNUNN	Psi	27747	27897	11279	11334
NR_003287.4_RNA28SN5_3482	NNUNN	Psi	24617	24817	11585	11615
NR_003287.4_RNA28SN5_35	NNUNN	Psi	1189	1237	1988	2115
NR_003287.4_RNA28SN5_354	NNUNN	Psi	1277	1281	2441	2441
NR_003287.4_RNA28SN5_357	NNUNN	Psi	1280	1313	2513	2565
NR_003287.4_RNA28SN5_3578	NNUNN	Psi	15763	15824	17891	17902
NR_003287.4_RNA28SN5_3583	NNUNN	Psi	16090	16156	19147	19151
NR_003287.4_RNA28SN5_3595	NNUNN	Psi	14982	14998	18810	18813
NR_003287.4_RNA28SN5_36	NNUNN	Psi	1236	1241	2126	2127
NR_003287.4_RNA28SN5_3606	NNUNN	Psi	2671	2685	2606	2607
NR_003287.4_RNA28SN5_3607	NNUNN	Psi	1706	1716	1886	1887
NR_003287.4_RNA28SN5_3613	NNUNN	Psi	1590	1600	1947	1948
NR_003287.4_RNA28SN5_3616	NNUNN	Psi	1395	1400	1954	1954
NR_003287.4_RNA28SN5_3631	NNUNN	Psi	1634	1648	4104	4104
NR_003287.4_RNA28SN5_3637	NNUNN	Psi	218	1284	3934	3934
NR_003287.4_RNA28SN5_3639	NNUNN	Psi	318	1263	3872	3872
NR_003287.4_RNA28SN5_3640	NNUNN	Psi	1316	1401	3466	3812
NR_003287.4_RNA28SN5_3641	NNUNN	Psi	1443	1444	3794	3794
NR_003287.4_RNA28SN5_3644	NNUNN	Psi	1559	1560	3754	3754
NR_003287.4_RNA28SN5_3645	NNUNN	Psi	1560	1560	3570	3570
NR_003287.4_RNA28SN5_365	NNUNN	Psi	1199	1211	2532	2532
NR_003287.4_RNA28SN5_3657	NNUNN	Psi	1603	1616	2527	2527
NR_003287.4_RNA28SN5_3677	NNUNN	Psi	1232	1234	2128	2128
NR_003287.4_RNA28SN5_3679	NNUNN	Psi	1540	1541	3064	3065
NR_003287.4_RNA28SN5_3680	NNUNN	Psi	1641	1645	3183	3183
NR_003287.4_RNA28SN5_3688	NNUNN	Psi	2330	2342	5042	5042
NR_003287.4_RNA28SN5_3690	NNUNN	Psi	2618	2624	5579	5586
NR_003287.4_RNA28SN5_3693	NNUNN	Psi	2935	2935	6134	6137
NR_003287.4_RNA28SN5_3694	NNUNN	Psi	2948	2952	6264	6264
NR_003287.4_RNA28SN5_3695	NNUNN	Psi	464	2938	6305	6307
NR_003287.4_RNA28SN5_3697	NNUNN	Psi	3583	3602	6759	6761
NR_003287.4_RNA28SN5_37	NNUNN	Psi	1203	1206	2100	2100
NR_003287.4_RNA28SN5_370	NNUNN	Psi	1132	1134	2478	2478
NR_003287.4_RNA28SN5_3704	NNUNN	Psi	3874	3893	7016	7017
NR_003287.4_RNA28SN5_3707	NNUNN	Psi	3758	3793	6954	6957
NR_003287.4_RNA28SN5_3709	NNUNN	Psi	3776	3787	6961	6961
NR_003287.4_RNA28SN5_3713	NNUNN	Psi	3567	3575	6556	6556
NR_003287.4_RNA28SN5_3715	NNUNN	Psi	939	3328	6413	6418
NR_003287.4_RNA28SN5_3721	NNUNN	Psi	3290	3309	5813	5917
NR_003287.4_RNA28SN5_3729	NNUNN	Psi	2788	2796	5328	5328
NR_003287.4_RNA28SN5_3730	NNUNN	Psi	1091	2534	5082	5083
NR_003287.4_RNA28SN5_3734	NNUNN	Psi	651	2285	4133	4634
NR_003287.4_RNA28SN5_3745	NNUNN	Psi	1448	1448	3308	3308
NR_003287.4_RNA28SN5_3758	NNUNN	Psi	152	1166	3793	3793
NR_003287.4_RNA28SN5_3762	NNUNN	Psi	230	1296	3868	3874
NR_003287.4_RNA28SN5_3764	NNUNN	Psi	213	1313	3889	3891
NR_003287.4_RNA28SN5_3768	NNUNN	Psi	226	1383	3834	3834
NR_003287.4_RNA28SN5_3770	NNUNN	Psi	246	1405	3814	3814
NR_003287.4_RNA28SN5_3772	NNUNN	Psi	1734	1742	3832	3833
NR_003287.4_RNA28SN5_3773	NNUNN	Psi	1741	1747	3804	3806
NR_003287.4_RNA28SN5_3778	NNUNN	Psi	2005	2013	3832	3834
NR_003287.4_RNA28SN5_3786	NNUNN	Psi	2144	2144	3056	3058
NR_003287.4_RNA28SN5_3790	NNUNN	Psi	2160	2168	3013	3015
NR_003287.4_RNA28SN5_3793	NNUNN	Psi	2226	2229	3004	3005
NR_003287.4_RNA28SN5_3796	NNUNN	Psi	2339	2365	3068	3069
NR_003287.4_RNA28SN5_3798	NNUNN	Psi	2258	2258	3151	3152
NR_003287.4_RNA28SN5_380	NNUNN	Psi	1073	1073	2471	2471
NR_003287.4_RNA28SN5_3801	NNUNN	Psi	2330	2348	3505	3505
NR_003287.4_RNA28SN5_3802	NNUNN	Psi	2350	2354	3611	3611
NR_003287.4_RNA28SN5_3805	NNUNN	Psi	2452	2467	3853	3854
NR_003287.4_RNA28SN5_381	NNUNN	Psi	1005	1010	2357	2359
NR_003287.4_RNA28SN5_3814	NNUNN	Psi	2381	2393	3917	3919
NR_003287.4_RNA28SN5_3818	NNUNN	Psi	340	2562	4398	4400
NR_003287.4_RNA28SN5_3822	NNUNN	Psi	1288	2850	4533	4533
NR_003287.4_RNA28SN5_3831	NNUNN	Psi	3943	3945	5808	5809
NR_003287.4_RNA28SN5_3832	NNUNN	Psi	3946	4043	5836	5836
NR_003287.4_RNA28SN5_3838	NNUNN	Psi	4235	4252	5974	5975
NR_003287.4_RNA28SN5_3840	NNUNN	Psi	4350	4416	5929	5930
NR_003287.4_RNA28SN5_3844	NNUNN	Psi	975	3717	5895	5895
NR_003287.4_RNA28SN5_3848	NNUNN	Psi	3973	3985	5732	5732
NR_003287.4_RNA28SN5_3851	NNUNN	Psi	910	3754	5764	5765
NR_003287.4_RNA28SN5_3853	NNUNN	Psi	844	3710	5440	5448
NR_003287.4_RNA28SN5_3883	NNUNN	Psi	1914	1924	3439	3443
NR_003287.4_RNA28SN5_3884	NNUNN	Psi	1403	1809	3354	3354
NR_003287.4_RNA28SN5_3892	NNUNN	Psi	2035	2044	3409	3409
NR_003287.4_RNA28SN5_391	NNUNN	Psi	1066	1069	2850	2853
NR_003287.4_RNA28SN5_3912	NNUNN	Psi	1861	1867	2780	2782
NR_003287.4_RNA28SN5_3914	NNUNN	Psi	1916	1926	3017	3018
NR_003287.4_RNA28SN5_3915	NNUNN	Psi	1955	1960	3025	3025
NR_003287.4_RNA28SN5_392	NNUNN	Psi	1046	1048	2976	2978
NR_003287.4_RNA28SN5_3920	NNUNN	Psi	355	1949	3227	3228
NR_003287.4_RNA28SN5_3921	NNUNN	Psi	2026	2028	3251	3252
NR_003287.4_RNA28SN5_3925	NNUNN	Psi	2079	2087	3285	3290
NR_003287.4_RNA28SN5_3927	NNUNN	Psi	2114	2115	3242	3242
NR_003287.4_RNA28SN5_393	NNUNN	Psi	1044	1044	2998	2999
NR_003287.4_RNA28SN5_3930	NNUNN	Psi	2060	2081	3158	3158
NR_003287.4_RNA28SN5_3932	NNUNN	Psi	1941	1943	3003	3004
NR_003287.4_RNA28SN5_3940	NNUNN	Psi	1523	1525	2446	2446
NR_003287.4_RNA28SN5_3950	NNUNN	Psi	798	798	1277	1277
NR_003287.4_RNA28SN5_3957	NNUNN	Psi	585	585	991	992
NR_003287.4_RNA28SN5_3959	NNUNN	Psi	108	525	987	987
NR_003287.4_RNA28SN5_3964	NNUNN	Psi	750	752	1104	1104
NR_003287.4_RNA28SN5_3968	NNUNN	Psi	902	905	1356	1356
NR_003287.4_RNA28SN5_3993	NNUNN	Psi	75249	75581	55031	55060
NR_003287.4_RNA28SN5_3995	NNUNN	Psi	81843	84176	55751	55777
NR_003287.4_RNA28SN5_4020	NNUNN	Psi	76830	77254	48280	48304
NR_003287.4_RNA28SN5_4031	NNUNN	Psi	15744	16036	8399	8408
NR_003287.4_RNA28SN5_404	NNUNN	Psi	1129	1137	2873	2873
NR_003287.4_RNA28SN5_4044	NNUNN	Psi	5367	5375	4318	4319
NR_003287.4_RNA28SN5_4049	NNUNN	Psi	4474	4488	3858	3859
NR_003287.4_RNA28SN5_405	NNUNN	Psi	1134	1140	2853	2855
NR_003287.4_RNA28SN5_4055	NNUNN	Psi	2620	2664	2616	2617
NR_003287.4_RNA28SN5_4058	NNUNN	Psi	2519	2666	2476	2743
NR_003287.4_RNA28SN5_4060	NNUNN	Psi	2398	2402	2598	2598
NR_003287.4_RNA28SN5_4063	NNUNN	Psi	2510	2516	2722	2722
NR_003287.4_RNA28SN5_4066	NNUNN	Psi	2328	2328	2711	2712
NR_003287.4_RNA28SN5_4067	NNUNN	Psi	2330	2343	2621	2655
NR_003287.4_RNA28SN5_4068	NNUNN	Psi	2400	2400	2673	2673
NR_003287.4_RNA28SN5_4069	NNUNN	Psi	2449	2450	2781	2784
NR_003287.4_RNA28SN5_4070	NNUNN	Psi	2464	2476	2890	2891
NR_003287.4_RNA28SN5_4071	NNUNN	Psi	2508	2516	2888	2889
NR_003287.4_RNA28SN5_4075	NNUNN	Psi	2743	2772	2992	2993
NR_003287.4_RNA28SN5_4083	NNUNN	Psi	2303	2307	2726	2727
NR_003287.4_RNA28SN5_4111	NNUNN	Psi	3219	3245	3188	3193
NR_003287.4_RNA28SN5_4113	NNUNN	Psi	5561	5572	6938	6940
NR_003287.4_RNA28SN5_4117	NNUNN	Psi	12287	12330	10983	10988
NR_003287.4_RNA28SN5_4118	NNUNN	Psi	14752	14982	11742	11743
NR_003287.4_RNA28SN5_4120	NNUNN	Psi	16329	16386	12938	12943
NR_003287.4_RNA28SN5_416	NNUNN	Psi	859	859	1801	1804
NR_003287.4_RNA28SN5_4163	NNUNN	Psi	59558	59862	45248	45288
NR_003287.4_RNA28SN5_4174	NNUNN	Psi	1224	1241	1215	1226
NR_003287.4_RNA28SN5_4181	NNUNN	Psi	1036	1049	1450	1497
NR_003287.4_RNA28SN5_4188	NNUNN	Psi	1102	1103	1776	1776
NR_003287.4_RNA28SN5_4189	NNUNN	Psi	1130	1137	1828	1828
NR_003287.4_RNA28SN5_4190	NNUNN	Psi	1161	1162	1839	1839
NR_003287.4_RNA28SN5_4194	NNUNN	Psi	1287	1299	1994	1994
NR_003287.4_RNA28SN5_4202	NNUNN	Psi	1394	1488	1585	1967
NR_003287.4_RNA28SN5_4208	NNUNN	Psi	1519	1521	2151	2151
NR_003287.4_RNA28SN5_4210	NNUNN	Psi	1573	1585	2117	2118
NR_003287.4_RNA28SN5_4218	NNUNN	Psi	1500	1505	2054	2054
NR_003287.4_RNA28SN5_4227	NNUNN	Psi	1818	1834	2504	2506
NR_003287.4_RNA28SN5_4229	NNUNN	Psi	1987	2000	2528	2528
NR_003287.4_RNA28SN5_4232	NNUNN	Psi	2093	2094	2621	2621
NR_003287.4_RNA28SN5_424	NNUNN	Psi	680	682	1248	1248
NR_003287.4_RNA28SN5_4242	NNUNN	Psi	3293	3359	5424	5424
NR_003287.4_RNA28SN5_425	NNUNN	Psi	690	694	1262	1262
NR_003287.4_RNA28SN5_4260	NNUNN	Psi	3341	3345	5751	5753
NR_003287.4_RNA28SN5_4265	NNUNN	Psi	3132	3144	5054	5057
NR_003287.4_RNA28SN5_4285	NNUNN	Psi	1931	1971	4717	4876
NR_003287.4_RNA28SN5_4289	NNUNN	Psi	2022	2040	6623	6623
NR_003287.4_RNA28SN5_4290	NNUNN	Psi	2075	2083	6666	6667
NR_003287.4_RNA28SN5_4293	NNUNN	Psi	281	1999	6732	6743
NR_003287.4_RNA28SN5_4295	NNUNN	Psi	2023	2031	6843	6846
NR_003287.4_RNA28SN5_4296	NNUNN	Psi	586	1984	6792	6792
NR_003287.4_RNA28SN5_4299	NNUNN	Psi	306	2124	6889	6889
NR_003287.4_RNA28SN5_43	NNUNN	Psi	1044	1048	1974	1978
NR_003287.4_RNA28SN5_4300	NNUNN	Psi	2319	2322	6965	6966
NR_003287.4_RNA28SN5_4301	NNUNN	Psi	2357	2362	6907	6908
NR_003287.4_RNA28SN5_4302	NNUNN	Psi	2397	2400	6877	6878
NR_003287.4_RNA28SN5_4306	NNUNN	Psi	2541	2542	6736	6737
NR_003287.4_RNA28SN5_4312	NNUNN	Psi	484	2178	4399	4402
NR_003287.4_RNA28SN5_432	NNUNN	Psi	801	802	1463	1463
NR_003287.4_RNA28SN5_4321	NNUNN	Psi	1978	1982	3238	3244
NR_003287.4_RNA28SN5_4334	NNUNN	Psi	1874	1888	2883	2883
NR_003287.4_RNA28SN5_4340	NNUNN	Psi	1716	1751	2789	2789
NR_003287.4_RNA28SN5_4343	NNUNN	Psi	1652	1656	2771	2772
NR_003287.4_RNA28SN5_4344	NNUNN	Psi	1630	1657	2751	2754
NR_003287.4_RNA28SN5_4346	NNUNN	Psi	1704	1710	2778	2779
NR_003287.4_RNA28SN5_4351	NNUNN	Psi	1485	1492	2855	2856
NR_003287.4_RNA28SN5_4352	NNUNN	Psi	1429	1431	2827	2827
NR_003287.4_RNA28SN5_4353	NNUNN	Psi	186	1383	2820	2820
NR_003287.4_RNA28SN5_4354	NNUNN	Psi	1410	1411	2818	2819
NR_003287.4_RNA28SN5_4358	NNUNN	Psi	1399	1401	2735	2735
NR_003287.4_RNA28SN5_4359	NNUNN	Psi	1382	1383	2701	2701
NR_003287.4_RNA28SN5_4360	NNUNN	Psi	1356	1357	2665	2665
NR_003287.4_RNA28SN5_4361	NNUNN	Psi	254	1225	2596	2596
NR_003287.4_RNA28SN5_4372	NNUNN	Psi	1447	1449	2608	2609
NR_003287.4_RNA28SN5_4374	NNUNN	Psi	1227	1442	2083	2566
NR_003287.4_RNA28SN5_4383	NNUNN	Psi	1175	1182	2141	2142
NR_003287.4_RNA28SN5_4384	NNUNN	Psi	1179	1182	2126	2126
NR_003287.4_RNA28SN5_4395	NNUNN	Psi	1205	1208	2366	2366
NR_003287.4_RNA28SN5_4399	NNUNN	Psi	1142	1150	2355	2356
NR_003287.4_RNA28SN5_440	NNUNN	Psi	1427	1430	3032	3032
NR_003287.4_RNA28SN5_4403	NNUNN	Psi	155	975	2288	2290
NR_003287.4_RNA28SN5_4404	NNUNN	Psi	998	998	2272	2272
NR_003287.4_RNA28SN5_4406	NNUNN	Psi	1032	1034	2244	2245
NR_003287.4_RNA28SN5_4419	NNUNN	Psi	9267	9272	32158	32163
NR_003287.4_RNA28SN5_4420	NNUNN	Psi	3208	9370	33157	33164
NR_003287.4_RNA28SN5_4423	NNUNN	Psi	3611	11902	38438	38439
NR_003287.4_RNA28SN5_4431	NNUNN	Psi	4487	13063	41711	41713
NR_003287.4_RNA28SN5_4435	NNUNN	Psi	13295	13313	41664	41694
NR_003287.4_RNA28SN5_4436	NNUNN	Psi	13323	13332	41675	41697
NR_003287.4_RNA28SN5_4437	NNUNN	Psi	13377	13379	41776	41783
NR_003287.4_RNA28SN5_4438	NNUNN	Psi	13412	13435	41874	41877
NR_003287.4_RNA28SN5_4439	NNUNN	Psi	13415	13438	41847	41853
NR_003287.4_RNA28SN5_4442	NNUNN	Psi	3052	13493	38613	38637
NR_003287.4_RNA28SN5_4445	NNUNN	Psi	13636	13661	36520	36525
NR_003287.4_RNA28SN5_4446	NNUNN	Psi	13616	13628	34253	34260
NR_003287.4_RNA28SN5_445	NNUNN	Psi	2317	2356	3727	3729
NR_003287.4_RNA28SN5_4450	NNUNN	Psi	6490	6503	16236	16256
NR_003287.4_RNA28SN5_4452	NNUNN	Psi	6459	6467	14607	14611
NR_003287.4_RNA28SN5_4457	NNUNN	Psi	470	2866	6314	6315
NR_003287.4_RNA28SN5_4459	NNUNN	Psi	3193	3213	7677	7683
NR_003287.4_RNA28SN5_4460	NNUNN	Psi	3225	3363	8549	8556
NR_003287.4_RNA28SN5_4463	NNUNN	Psi	3442	3450	8991	8993
NR_003287.4_RNA28SN5_4465	NNUNN	Psi	3525	3546	9051	9052
NR_003287.4_RNA28SN5_4468	NNUNN	Psi	3554	3566	8929	8933
NR_003287.4_RNA28SN5_4469	NNUNN	Psi	3334	3338	8052	8055
NR_003287.4_RNA28SN5_4471	NNUNN	Psi	502	3285	8014	8659
NR_003287.4_RNA28SN5_4481	NNUNN	Psi	3772	3786	8456	8460
NR_003287.4_RNA28SN5_4482	NNUNN	Psi	3757	3774	8043	8043
NR_003287.4_RNA28SN5_4492	NNUNN	Psi	2699	2704	4375	4375
NR_003287.4_RNA28SN5_4493	NNUNN	Psi	2389	2576	4195	4196
NR_003287.4_RNA28SN5_4497	NNUNN	Psi	2562	2579	4093	4093
NR_003287.4_RNA28SN5_4498	NNUNN	Psi	2512	2531	4007	4010
NR_003287.4_RNA28SN5_45	NNUNN	Psi	1061	1063	2028	2029
NR_003287.4_RNA28SN5_4500	NNUNN	Psi	307	2414	4066	4066
NR_003287.4_RNA28SN5_4501	NNUNN	Psi	2510	2513	4085	4087
NR_003287.4_RNA28SN5_4509	NNUNN	Psi	2145	2156	3848	3848
NR_003287.4_RNA28SN5_4512	NNUNN	Psi	1813	1821	3691	3692
NR_003287.4_RNA28SN5_4521	NNUNN	Psi	168	963	3083	3098
NR_003287.4_RNA28SN5_4526	NNUNN	Psi	1105	1111	3290	3293
NR_003287.4_RNA28SN5_4530	NNUNN	Psi	793	801	2487	2496
NR_003287.4_RNA28SN5_4531	NNUNN	Psi	889	894	2854	2855
NR_003287.4_RNA28SN5_4532	NNUNN	Psi	592	920	2877	2883
NR_003287.4_RNA28SN5_4539	NNUNN	Psi	1408	1410	3190	3191
NR_003287.4_RNA28SN5_454	NNUNN	Psi	3068	3103	4165	4165
NR_003287.4_RNA28SN5_4542	NNUNN	Psi	1367	1371	3091	3093
NR_003287.4_RNA28SN5_4551	NNUNN	Psi	1340	1341	2974	2975
NR_003287.4_RNA28SN5_4552	NNUNN	Psi	227	1313	2940	2940
NR_003287.4_RNA28SN5_4555	NNUNN	Psi	1331	1331	2822	2823
NR_003287.4_RNA28SN5_4556	NNUNN	Psi	1336	1336	2759	2759
NR_003287.4_RNA28SN5_4557	NNUNN	Psi	1349	1350	2797	2797
NR_003287.4_RNA28SN5_4558	NNUNN	Psi	1343	1351	2795	2796
NR_003287.4_RNA28SN5_4563	NNUNN	Psi	1378	1378	2705	2705
NR_003287.4_RNA28SN5_4566	NNUNN	Psi	1343	1353	2771	2772
NR_003287.4_RNA28SN5_4569	NNUNN	Psi	1178	1208	2569	2569
NR_003287.4_RNA28SN5_4572	NNUNN	Psi	1015	1015	2208	2209
NR_003287.4_RNA28SN5_4574	NNUNN	Psi	1011	1013	2237	2238
NR_003287.4_RNA28SN5_4576	NNUNN	Psi	161	908	2234	2234
NR_003287.4_RNA28SN5_4577	NNUNN	Psi	964	967	2221	2221
NR_003287.4_RNA28SN5_4579	NNUNN	Psi	271	1049	2260	2261
NR_003287.4_RNA28SN5_4580	NNUNN	Psi	1134	1134	2165	2165
NR_003287.4_RNA28SN5_4585	NNUNN	Psi	1112	1113	2084	2085
NR_003287.4_RNA28SN5_4588	NNUNN	Psi	1156	1157	2151	2151
NR_003287.4_RNA28SN5_4591	NNUNN	Psi	1334	1339	2499	2501
NR_003287.4_RNA28SN5_4594	NNUNN	Psi	1370	1400	2510	2681
NR_003287.4_RNA28SN5_4597	NNUNN	Psi	1507	1531	2992	2994
NR_003287.4_RNA28SN5_46	NNUNN	Psi	1042	1089	1842	1999
NR_003287.4_RNA28SN5_4601	NNUNN	Psi	1677	1687	3201	3201
NR_003287.4_RNA28SN5_4619	NNUNN	Psi	1982	1985	4045	4047
NR_003287.4_RNA28SN5_4620	NNUNN	Psi	2003	2007	4025	4025
NR_003287.4_RNA28SN5_4627	NNUNN	Psi	1823	1831	3497	3498
NR_003287.4_RNA28SN5_4628	NNUNN	Psi	747	1812	3635	3635
NR_003287.4_RNA28SN5_4629	NNUNN	Psi	1810	1815	3601	3602
NR_003287.4_RNA28SN5_4632	NNUNN	Psi	1780	1780	3399	3399
NR_003287.4_RNA28SN5_4634	NNUNN	Psi	1772	1773	3310	3311
NR_003287.4_RNA28SN5_4636	NNUNN	Psi	1395	1645	3072	3073
NR_003287.4_RNA28SN5_4638	NNUNN	Psi	1657	1658	3054	3055
NR_003287.4_RNA28SN5_4641	NNUNN	Psi	1632	1651	2939	2943
NR_003287.4_RNA28SN5_4642	NNUNN	Psi	1411	1412	2467	2468
NR_003287.4_RNA28SN5_4646	NNUNN	Psi	1371	1386	2212	2214
NR_003287.4_RNA28SN5_4657	NNUNN	Psi	950	954	1338	1343
NR_003287.4_RNA28SN5_4668	NNUNN	Psi	1453	1462	2546	2548
NR_003287.4_RNA28SN5_467	NNUNN	Psi	4453	4469	4941	4941
NR_003287.4_RNA28SN5_4673	NNUNN	Psi	1225	1818	3519	3524
NR_003287.4_RNA28SN5_4675	NNUNN	Psi	1987	2002	3988	3989
NR_003287.4_RNA28SN5_4677	NNUNN	Psi	1796	2075	3499	4078
NR_003287.4_RNA28SN5_468	NNUNN	Psi	4576	4596	5087	5088
NR_003287.4_RNA28SN5_4682	NNUNN	Psi	2699	2714	4690	4690
NR_003287.4_RNA28SN5_4683	NNUNN	Psi	2753	2762	4768	4773
NR_003287.4_RNA28SN5_4685	NNUNN	Psi	2997	3018	5076	5077
NR_003287.4_RNA28SN5_4689	NNUNN	Psi	1038	3384	5503	5504
NR_003287.4_RNA28SN5_4697	NNUNN	Psi	3916	3935	5662	5669
NR_003287.4_RNA28SN5_4699	NNUNN	Psi	4036	4041	5560	5561
NR_003287.4_RNA28SN5_4703	NNUNN	Psi	4298	4319	5523	5528
NR_003287.4_RNA28SN5_4709	NNUNN	Psi	4080	4183	5090	5092
NR_003287.4_RNA28SN5_4728	NNUNN	Psi	2080	2083	2147	2150
NR_003287.4_RNA28SN5_4748	NNUNN	Psi	5134	5142	7860	7860
NR_003287.4_RNA28SN5_4752	NNUNN	Psi	5220	5235	7867	7888
NR_003287.4_RNA28SN5_4753	NNUNN	Psi	5179	5193	7927	7927
NR_003287.4_RNA28SN5_4758	NNUNN	Psi	5631	5641	8526	8535
NR_003287.4_RNA28SN5_4763	NNUNN	Psi	6550	6557	7150	7151
NR_003287.4_RNA28SN5_4770	NNUNN	Psi	9892	9973	7686	7690
NR_003287.4_RNA28SN5_4779	NNUNN	Psi	14672	14792	11426	11458
NR_003287.4_RNA28SN5_4781	NNUNN	Psi	15885	16343	12069	12091
NR_003287.4_RNA28SN5_4807	NNUNN	Psi	64756	65352	49449	49546
NR_003287.4_RNA28SN5_4838	NNUNN	Psi	51354	51632	37721	37736
NR_003287.4_RNA28SN5_484	NNUNN	Psi	8046	8118	8408	8411
NR_003287.4_RNA28SN5_4864	NNUNN	Psi	2310	2334	1465	1471
NR_003287.4_RNA28SN5_4869	NNUNN	Psi	1939	1942	1184	1189
NR_003287.4_RNA28SN5_4876	NNUNN	Psi	7380	7396	8938	8941
NR_003287.4_RNA28SN5_4881	NNUNN	Psi	62908	63036	93215	93229
NR_003287.4_RNA28SN5_4882	NNUNN	Psi	85605	85702	110562	110569
NR_003287.4_RNA28SN5_4885	NNUNN	Psi	127154	128947	152291	152381
NR_003287.4_RNA28SN5_4888	NNUNN	Psi	165496	165593	196974	196989
NR_003287.4_RNA28SN5_49	NNUNN	Psi	1088	1093	1967	1967
NR_003287.4_RNA28SN5_492	NNUNN	Psi	9689	9709	8650	8654
NR_003287.4_RNA28SN5_4925	NNUNN	Psi	127093	127367	124834	124858
NR_003287.4_RNA28SN5_4932	NNUNN	Psi	64835	64990	62796	62818
NR_003287.4_RNA28SN5_494	NNUNN	Psi	10572	10620	9089	9092
NR_003287.4_RNA28SN5_4946	NNUNN	Psi	4834	4859	4655	4658
NR_003287.4_RNA28SN5_4947	NNUNN	Psi	4532	4548	4601	4604
NR_003287.4_RNA28SN5_4950	NNUNN	Psi	4334	4341	4605	4606
NR_003287.4_RNA28SN5_4959	NNUNN	Psi	3886	3891	5264	5265
NR_003287.4_RNA28SN5_4965	NNUNN	Psi	3688	3691	5419	5421
NR_003287.4_RNA28SN5_4972	NNUNN	Psi	589	1868	3176	3177
NR_003287.4_RNA28SN5_4973	NNUNN	Psi	1789	1919	3186	3186
NR_003287.4_RNA28SN5_4976	NNUNN	Psi	1958	1969	2956	2956
NR_003287.4_RNA28SN5_4985	NNUNN	Psi	1376	1376	1692	1695
NR_003287.4_RNA28SN5_4988	NNUNN	Psi	1489	1492	2137	2139
NR_003287.4_RNA28SN5_4989	NNUNN	Psi	1643	1648	2313	2316
NR_003287.4_RNA28SN5_4991	NNUNN	Psi	1739	1745	2619	2620
NR_003287.4_RNA28SN5_4995	NNUNN	Psi	6847	6863	20588	20592
NR_003287.4_RNA28SN5_5001	NNUNN	Psi	19321	25815	95145	95148
NR_003287.4_RNA28SN5_5002	NNUNN	Psi	27836	27853	95449	95454
NR_003287.4_RNA28SN5_5003	NNUNN	Psi	28112	28114	95531	95535
NR_003287.4_RNA28SN5_5006	NNUNN	Psi	28954	28979	96113	96114
NR_003287.4_RNA28SN5_5010	NNUNN	Psi	23006	29030	96164	96168
NR_003287.4_RNA28SN5_5022	NNUNN	Psi	18390	18512	44604	44625
NR_003287.4_RNA28SN5_5026	NNUNN	Psi	6923	6989	12501	12790
NR_003287.4_RNA28SN5_5030	NNUNN	Psi	5241	5322	6436	6447
NR_003287.4_RNA28SN5_5035	NNUNN	Psi	4811	4841	5106	5106
NR_003287.4_RNA28SN5_5037	NNUNN	Psi	4371	4378	4686	4686
NR_003287.4_RNA28SN5_5039	NNUNN	Psi	3856	3861	4137	4138
NR_003287.4_RNA28SN5_5040	NNUNN	Psi	3745	3766	4001	4003
NR_003287.4_RNA28SN5_5046	NNUNN	Psi	2963	2980	3327	3328
NR_003287.4_RNA28SN5_5053	NNUNN	Psi	2501	2521	2944	2945
NR_003287.4_RNA28SN5_5065	NNUNN	Psi	1549	1550	2054	2054
NR_003287.4_RNA28SN5_5066	NNUNN	Psi	1522	1523	2018	2018
NR_003287.4_RNA28SN5_5067	NNUNN	Psi	1488	1488	1976	1976
NR_003287.4_RNA28SN5_5069	NNUNN	Psi	1421	1421	1886	1886
NR_003287.4_RNA28SN5_510	NNUNN	Psi	18634	18913	15066	15071
NR_003287.4_RNA28SN5_512	NNUNN	Psi	24577	24610	24889	24902
NR_003287.4_RNA28SN5_513	NNUNN	Psi	25953	26009	25431	25440
NR_003287.4_RNA28SN5_514	NNUNN	Psi	29902	30071	30273	30278
NR_003287.4_RNA28SN5_526	NNUNN	Psi	32298	32361	35251	35267
NR_003287.4_RNA28SN5_527	NNUNN	Psi	31862	32476	34860	34874
NR_003287.4_RNA28SN5_530	NNUNN	Psi	33968	34084	36009	36034
NR_003287.4_RNA28SN5_540	NNUNN	Psi	37281	37436	39669	39700
NR_003287.4_RNA28SN5_551	NNUNN	Psi	68416	68685	51627	51660
NR_003287.4_RNA28SN5_555	NNUNN	Psi	72156	72370	55530	55569
NR_003287.4_RNA28SN5_556	NNUNN	Psi	72454	72890	55009	55089
NR_003287.4_RNA28SN5_570	NNUNN	Psi	68237	68645	73988	74017
NR_003287.4_RNA28SN5_573	NNUNN	Psi	63738	63899	72605	72628
NR_003287.4_RNA28SN5_576	NNUNN	Psi	54284	54527	68227	68269
NR_003287.4_RNA28SN5_579	NNUNN	Psi	48462	48782	65221	65268
NR_003287.4_RNA28SN5_68	NNUNN	Psi	1100	1173	1779	2029
NR_003287.4_RNA28SN5_687	NNUNN	Psi	28262	28271	25772	25775
NR_003287.4_RNA28SN5_688	NNUNN	Psi	28101	28189	25778	25781
NR_003287.4_RNA28SN5_689	NNUNN	Psi	27863	28178	25724	25731
NR_003287.4_RNA28SN5_702	NNUNN	Psi	4289	4435	3554	3634
NR_003287.4_RNA28SN5_717	NNUNN	Psi	3711	3767	3067	3073
NR_003287.4_RNA28SN5_728	NNUNN	Psi	32108	32186	49961	49985
NR_003287.4_RNA28SN5_750	NNUNN	Psi	70937	70992	86768	86781
NR_003287.4_RNA28SN5_754	NNUNN	Psi	63953	64276	75219	75232
NR_003287.4_RNA28SN5_767	NNUNN	Psi	5790	5853	4009	4026
NR_003287.4_RNA28SN5_77	NNUNN	Psi	1834	1855	2694	2694
NR_003287.4_RNA28SN5_771	NNUNN	Psi	5355	5401	3574	3580
NR_003287.4_RNA28SN5_775	NNUNN	Psi	5163	5223	3865	3874
NR_003287.4_RNA28SN5_779	NNUNN	Psi	8968	9035	12989	13004
NR_003287.4_RNA28SN5_78	NNUNN	Psi	1766	1880	2685	2685
NR_003287.4_RNA28SN5_783	NNUNN	Psi	35875	36284	45734	45757
NR_003287.4_RNA28SN5_786	NNUNN	Psi	90669	91939	102284	102522
NR_003287.4_RNA28SN5_789	NNUNN	Psi	167580	168612	199495	199633
NR_003287.4_RNA28SN5_792	NNUNN	Psi	260675	263664	275976	278885
NR_003287.4_RNA28SN5_799	NNUNN	Psi	360276	361522	332240	332378
NR_003287.4_RNA28SN5_8	NNUNN	Psi	539	543	1029	1029
NR_003287.4_RNA28SN5_801	NNUNN	Psi	368780	370649	335612	335709
NR_003287.4_RNA28SN5_82	NNUNN	Psi	1943	1964	2787	2815
NR_003287.4_RNA28SN5_820	NNUNN	Psi	371938	373728	321322	322421
NR_003287.4_RNA28SN5_827	NNUNN	Psi	320349	322440	289898	290957
NR_003287.4_RNA28SN5_844	NNUNN	Psi	305407	306278	252273	253073
NR_003287.4_RNA28SN5_86	NNUNN	Psi	2048	2053	2866	2866
NR_003287.4_RNA28SN5_868	NNUNN	Psi	112762	113264	74484	74793
NR_003287.4_RNA28SN5_911	NNUNN	Psi	46664	46736	45765	45767
NR_003287.4_RNA28SN5_913	NNUNN	Psi	45844	45911	44686	44693
NR_003287.4_RNA28SN5_914	NNUNN	Psi	45420	45503	44044	44047
NR_003287.4_RNA28SN5_937	NNUNN	Psi	8267	8399	3744	3744
NR_003287.4_RNA28SN5_945	NNUNN	Psi	7589	7729	3678	3679
NR_003287.4_RNA28SN5_96	NNUNN	Psi	2169	2196	2612	2623
NR_003287.4_RNA28SN5_971	NNUNN	Psi	4465	4488	2962	2971
NR_003287.4_RNA28SN5_980	NNUNN	Psi	42106	42250	65148	65217
NR_003287.4_RNA28SN5_982	NNUNN	Psi	57373	57507	82039	82118
NR_003287.4_RNA28SN5_989	NNUNN	Psi	131363	132228	147741	147800
